qtr,down,yrdline100,ydstogo,ScoreDiff,pass_proportion,prev_pass_yards,prev_run_yards,consecutive_count,defense_team_id,play_type_numeric
1,1,80,10,0,1,0,0,0,2,1
1,2,78,8,0,0.5,2,0,0,2,0
1,3,76,6,0,0.666666667,2,2,0,2,1
1,1,80,10,-3,0.5,1,2,0,2,0
1,2,92,22,-3,0.6,1,-5,0,2,1
1,3,94,24,-3,0.666666667,0,-5,1,2,1
1,1,80,10,-3,0.714285714,4,-5,2,2,1
1,1,67,10,-3,0.75,6.25,-12,3,2,1
1,2,67,10,-3,0.777777778,6.25,-12,4,2,1
1,3,67,10,-3,0.8,5,0,5,2,1
1,1,53,10,-3,0.818181818,6.8,0,6,2,1
1,2,53,10,-3,0.833333333,4,0,7,2,1
1,3,47,4,-3,0.846153846,2.6,0,8,2,1
1,1,43,10,-3,0.785714286,3.4,0,0,2,0
1,2,43,10,-3,0.733333333,4.25,0,1,2,0
1,3,42,9,-3,0.75,3.333333333,0.5,0,2,1
1,4,42,9,-3,0.705882353,3.333333333,0.5,0,2,0
2,1,80,10,-10,0.722222222,2,0.333333333,0,2,1
2,2,74,4,-10,0.736842105,3,0.333333333,1,2,1
2,1,68,10,-10,0.75,4,0.5,2,2,1
2,1,43,10,-10,0.761904762,9.25,0,3,2,1
2,2,37,4,-10,0.772727273,10.75,0,4,2,1
2,3,37,4,-10,0.782608696,8.6,0,5,2,1
2,4,34,1,-10,0.791666667,8,0,6,2,1
2,1,16,10,-10,0.76,10.4,0,0,2,0
2,2,11,5,-10,0.769230769,6.75,5,0,2,1
2,3,11,5,-10,0.777777778,5.25,5,1,2,1
2,1,94,10,-7,0.785714286,5.25,5,2,2,1
2,2,91,7,-7,0.793103448,5.25,5,3,2,1
2,3,85,1,-7,0.8,2.25,5,4,2,1
2,1,80,10,-10,0.806451613,1.8,0,5,2,1
2,1,80,10,-17,0.8125,1.8,0,6,2,1
2,2,80,10,-17,0.787878788,1.8,0,0,2,0
2,1,69,10,-17,0.794117647,1.5,11,0,2,1
2,2,89,30,-17,0.771428571,0,11,0,2,0
3,1,8,8,-17,0.777777778,0,6,0,2,1
3,2,8,8,-11,0.756756757,0,6,0,2,0
3,1,97,12,-10,0.763157895,0,6.666666667,0,2,1
3,2,91,6,-10,0.769230769,2,4.5,1,2,1
3,1,92,18,-10,0.775,4.333333333,4.5,2,2,1
3,1,73,10,-10,0.780487805,8,8,3,2,1
3,2,66,3,-10,0.761904762,9.75,8,0,2,0
3,3,74,11,-10,0.76744186,9.75,2,0,2,1
3,1,62,10,-10,0.772727273,11.25,2,1,2,1
3,1,47,10,-10,0.777777778,13.25,2,2,2,1
3,2,49,12,-10,0.782608696,10.5,2,3,2,1
3,1,37,10,-10,0.787234043,11.75,2,4,2,1
3,2,37,10,-10,0.770833333,9.4,0,0,2,0
3,1,5,5,-10,0.755102041,8.75,27,1,2,0
3,2,5,5,-4,0.76,6.666666667,13.5,0,2,1
4,1,80,10,-6,0.745098039,5.666666667,13.5,0,2,0
4,2,77,7,-6,0.75,2.5,10,0,2,1
4,1,53,10,-6,0.754716981,14.5,10,1,2,1
4,1,41,10,-6,0.759259259,13.66666667,1.5,2,2,1
4,1,20,10,-6,0.763636364,15.5,3,3,2,1
4,1,1,1,0,0.75,19,3,0,2,0
4,1,80,10,-2,0.754385965,19,1,0,2,1
4,2,76,6,-2,0.75862069,14,1,1,2,1
4,1,69,10,-2,0.762711864,12.75,1,2,2,1
4,2,65,6,-2,0.766666667,8.5,1,3,2,1
4,3,60,1,-2,0.754098361,5,1,0,2,0
4,1,49,10,-2,0.758064516,5,11,0,2,1
4,1,35,10,-2,0.761904762,7.5,11,1,2,1
4,1,41,16,-2,0.765625,12,11,2,2,1
4,2,29,4,-2,0.753846154,14,11,0,2,0
4,3,26,1,-2,0.742424242,17,7,1,2,0
4,1,86,10,-2,0.746268657,17,1.5,0,2,1
4,2,84,8,-2,0.75,13,1.5,1,2,1
4,3,84,8,-2,0.753623188,4.666666667,1.5,2,2,1
1,1,60,10,0,0,0,0,0,9,0
1,2,59,9,0,0.5,0,1,0,9,1
1,3,51,1,0,0.666666667,8,1,1,9,1
1,1,82,10,0,0.5,4,1,0,9,0
1,1,68,10,0,0.4,4,2,1,9,0
1,2,72,14,0,0.5,4,0,0,9,1
1,3,65,7,0,0.571428571,5,-0.5,1,9,1
1,1,80,10,-3,0.5,2.333333333,-0.5,0,9,0
1,2,78,8,-3,0.444444444,3.5,0.333333333,1,9,0
1,3,80,10,-3,0.5,3.5,-1.333333333,0,9,1
2,1,85,10,-3,0.545454545,2.333333333,0,1,9,1
2,2,83,8,-3,0.5,0.666666667,0,0,9,0
2,3,83,8,-3,0.538461538,1,0,0,9,1
2,1,74,10,-3,0.571428571,0.666666667,-1,1,9,1
2,2,72,8,-3,0.533333333,1,0,0,9,0
2,3,85,21,-3,0.5625,1.333333333,-1.5,0,9,1
3,1,80,10,-6,0.588235294,2.333333333,-1.5,1,9,1
3,1,68,10,-6,0.555555556,4.75,-3,0,9,0
3,2,74,16,-6,0.526315789,6.333333333,-4.5,1,9,0
3,3,79,21,-6,0.55,8.5,-4.666666667,0,9,1
3,1,80,10,-12,0.571428571,9.333333333,-5.5,1,9,1
3,2,80,10,-12,0.590909091,7.666666667,-5.5,2,9,1
3,3,80,10,-12,0.608695652,3.666666667,-5.5,3,9,1
3,2,66,15,-12,0.625,2.75,-5,4,9,1
3,1,48,10,-12,0.64,5.8,0,5,9,1
3,1,41,10,-12,0.615384615,4,0,0,9,0
3,1,30,10,-12,0.62962963,5,-5,0,9,1
3,2,21,1,-12,0.642857143,7.25,-5,1,9,1
3,1,16,10,-12,0.655172414,8.5,-5,2,9,1
3,2,7,1,-12,0.666666667,6.25,-5,3,9,1
3,1,3,3,-12,0.677419355,6.75,-5,4,9,1
3,2,3,3,-12,0.6875,5.4,0,5,9,1
3,1,80,10,-12,0.666666667,3.6,0,0,9,0
3,2,71,1,-12,0.676470588,3.25,9,0,9,1
3,3,71,1,-12,0.657142857,1,9,0,9,0
3,1,68,10,-12,0.666666667,0,6,0,9,1
4,1,31,10,-12,0.648648649,7.333333333,6,0,9,0
4,2,28,7,-12,0.657894737,11,5,0,9,1
4,3,28,7,-12,0.666666667,7.333333333,3,1,9,1
4,1,30,10,-9,0.65,7.333333333,3,0,9,0
4,1,77,10,-9,0.658536585,7.333333333,1.5,0,9,1
4,1,66,10,-9,0.666666667,3.666666667,1.5,1,9,1
4,1,53,10,-9,0.674418605,6,0,2,9,1
4,1,80,10,-16,0.681818182,6,0,3,9,1
4,1,70,10,-16,0.688888889,8.5,0,4,9,1
4,1,59,10,-16,0.695652174,9,0,5,9,1
4,2,53,4,-16,0.70212766,8,0,6,9,1
4,1,21,10,-16,0.708333333,11.8,0,7,9,1
4,2,21,10,-16,0.714285714,11.8,0,8,9,1
4,3,12,1,-16,0.7,11.6,0,0,9,0
4,1,3,3,-16,0.68627451,11.75,9,1,9,0
4,2,1,1,-16,0.673076923,13.66666667,5.5,2,9,0
4,3,16,16,-16,0.679245283,4.5,3.666666667,0,9,1
4,4,6,6,-10,0.685185185,9.5,3.666666667,1,9,1
1,1,71,10,0,0,0,0,0,25,0
1,1,61,10,0,0,0,5,1,25,0
1,1,34,10,0,0.333333333,0,16,0,25,1
1,2,34,10,0,0.5,0,16,1,25,1
1,3,37,13,0,0.6,-1.5,16,2,25,1
1,1,20,10,0,0.5,4.666666667,16,0,25,0
1,2,15,5,0,0.428571429,4.666666667,16,1,25,0
1,1,9,9,0,0.5,4.666666667,5.5,0,25,1
1,2,9,9,0,0.444444444,4.666666667,5.5,0,25,0
1,3,12,12,0,0.5,8.5,2.666666667,0,25,1
1,1,98,10,3,0.545454545,0,2.666666667,1,25,1
1,2,98,10,3,0.5,0,1.5,0,25,0
1,3,97,9,3,0.538461538,0,0,0,25,1
1,1,88,10,3,0.5,3,0,0,25,0
1,2,92,14,3,0.466666667,3,-0.5,1,25,0
1,3,91,13,3,0.5,4.5,0,0,25,1
1,1,91,10,3,0.470588235,4.5,0,0,25,0
1,2,86,5,3,0.5,4.5,0.666666667,0,25,1
2,1,78,10,3,0.526315789,4,0.666666667,1,25,1
2,2,69,1,3,0.5,5.666666667,3,0,25,0
2,3,71,3,3,0.523809524,5.666666667,1.5,0,25,1
2,1,75,10,9,0.5,5.666666667,1.5,0,25,0
2,2,74,9,9,0.52173913,5.666666667,-0.5,0,25,1
2,3,74,9,9,0.541666667,3,-0.5,1,25,1
2,1,75,10,9,0.52,0,-0.5,0,25,0
2,1,64,10,9,0.5,0,6,1,25,0
2,2,64,10,9,0.518518519,0,4,0,25,1
2,1,43,10,9,0.5,7,5.5,0,25,0
2,2,40,7,9,0.517241379,10.5,4.666666667,0,25,1
2,3,35,2,9,0.5,13,4.666666667,0,25,0
2,1,23,10,9,0.516129032,13,5,0,25,1
2,2,23,10,15,0.53125,8.666666667,7.5,1,25,1
2,1,36,10,16,0.545454545,9.333333333,7.5,2,25,1
2,2,36,10,16,0.558823529,7,12,3,25,1
2,1,21,10,16,0.542857143,5.75,12,0,25,0
2,2,18,7,16,0.527777778,5.75,3,1,25,0
2,1,9,9,16,0.513513514,7.666666667,6,2,25,0
2,2,5,5,16,0.526315789,0,5.333333333,0,25,1
2,3,1,1,22,0.512820513,2,5.333333333,0,25,0
3,1,62,10,16,0.525,4,4.25,0,25,1
3,1,52,10,16,0.512195122,7,4.666666667,0,25,0
3,3,62,20,16,0.523809524,7,1.666666667,0,25,1
3,1,90,10,16,0.534883721,7.666666667,0.5,1,25,1
3,2,85,5,16,0.545454545,8,0.5,2,25,1
3,3,85,5,16,0.555555556,6,0,3,25,1
3,1,80,10,16,0.543478261,3.5,0,0,25,0
3,2,78,8,16,0.531914894,3.5,2,1,25,0
3,3,78,8,16,0.541666667,1.666666667,1,0,25,1
3,1,70,10,16,0.530612245,0,1,0,25,0
3,2,64,4,16,0.54,0,2.666666667,0,25,1
3,3,63,3,16,0.529411765,0.5,2.666666667,0,25,0
4,1,80,10,9,0.519230769,0.5,1.333333333,1,25,0
4,1,67,10,9,0.509433962,0.5,5.666666667,2,25,0
4,2,58,1,9,0.5,1,6.5,3,25,0
4,1,56,10,9,0.490909091,1,5.5,4,25,0
4,1,68,10,9,0.482142857,0,4.4,5,25,0
4,2,64,6,9,0.473684211,0,5.6,6,25,0
4,3,63,5,9,0.482758621,0,3.2,0,25,1
4,1,82,10,9,0.474576271,0,1.75,0,25,0
4,2,83,11,9,0.466666667,0,1,1,25,0
4,3,77,5,9,0.459016393,0,2.5,2,25,0
4,1,48,10,6,0.451612903,0,0.75,3,25,0
4,2,46,8,6,0.444444444,0,1,4,25,0
4,3,54,16,6,0.4375,0,1.2,5,25,0
1,1,80,10,-3,1,0,0,0,32,1
1,2,80,10,-3,0.5,0,0,0,32,0
1,1,80,10,-6,0.333333333,0,0,1,32,0
1,1,50,10,-6,0.5,0,15,0,32,1
1,2,50,10,-6,0.4,0,15,0,32,0
2,3,47,7,-6,0.5,0,11,0,32,1
2,1,70,10,-6,0.428571429,0,11,0,32,0
2,1,70,10,-6,0.5,0,9.333333333,0,32,1
2,3,73,13,-6,0.555555556,1.333333333,-1,1,32,1
2,1,80,10,-7,0.5,4,-1,0,32,0
2,2,75,5,-7,0.545454545,4,0,0,32,1
2,1,30,10,-7,0.5,19,0,0,32,0
2,1,30,10,-7,0.538461538,19,2.5,0,32,1
2,2,22,2,-7,0.571428571,20.33333333,2.5,1,32,1
2,3,22,2,-7,0.533333333,17.66666667,2.5,0,32,0
2,1,16,15,-7,0.5625,17.66666667,5.5,0,32,1
2,3,25,24,-7,0.588235294,2.666666667,5.5,1,32,1
3,1,80,10,-7,0.555555556,4.5,11,0,32,0
3,2,77,7,-7,0.578947368,3.333333333,7,0,32,1
3,3,77,7,-7,0.55,3.333333333,7,0,32,0
3,1,63,10,-7,0.523809524,3.333333333,8.5,1,32,0
3,2,63,10,-7,0.5,5,5.666666667,2,32,0
3,3,61,8,-7,0.52173913,0,4.75,0,32,1
3,1,52,10,-7,0.541666667,4.5,5.333333333,1,32,1
3,2,62,20,-1,0.56,4.5,5.333333333,2,32,1
3,1,56,10,-1,0.538461538,23.66666667,1,0,32,0
3,2,57,11,-1,0.555555556,23.66666667,0.5,0,32,1
3,1,13,10,-1,0.571428571,25.25,-1,1,32,1
3,2,13,10,-1,0.551724138,23,-1,0,32,0
3,3,10,7,5,0.566666667,30.66666667,1,0,32,1
3,1,80,10,3,0.580645161,13.33333333,1,1,32,1
3,2,74,4,3,0.59375,11.5,3,2,32,1
3,3,74,4,3,0.606060606,4,3,3,32,1
3,1,58,10,3,0.617647059,4,3,4,32,1
4,2,58,10,3,0.628571429,3.2,0,5,32,1
4,1,39,10,9,0.638888889,2,0,6,32,1
4,1,65,10,10,0.621621622,8.6,0,0,32,0
4,2,56,1,10,0.605263158,10.75,9,1,32,0
4,1,60,20,10,0.615384615,14.33333333,7.5,0,32,1
4,2,48,8,10,0.6,18.33333333,7.5,0,32,0
4,3,46,6,10,0.609756098,25.5,5.666666667,0,32,1
4,1,50,10,10,0.595238095,6,5.666666667,0,32,0
4,2,47,7,10,0.581395349,6,3.666666667,1,32,0
4,3,45,5,10,0.590909091,6,2.333333333,0,32,1
4,1,80,10,3,0.6,0,2.333333333,1,32,1
4,4,86,16,3,0.608695652,2.333333333,2.5,2,32,1
1,1,57,10,0,1,0,0,0,23,1
1,2,50,3,0,1,7,0,1,23,1
1,1,42,10,0,0.666666667,7.5,0,0,23,0
1,2,41,9,0,0.5,7.5,1,1,23,0
1,3,39,7,0,0.6,7.5,1.5,0,23,1
1,4,39,7,0,0.666666667,5,1.5,1,23,1
1,1,80,10,0,0.714285714,2.666666667,1.5,2,23,1
1,2,74,4,0,0.75,2,1.5,3,23,1
1,1,66,10,0,0.666666667,3.5,2,0,23,0
1,2,65,9,0,0.7,3.5,1,0,23,1
1,3,65,9,0,0.727272727,3.5,1,1,23,1
1,1,51,10,0,0.75,7,1,2,23,1
1,1,39,10,0,0.692307692,8.5,1,0,23,0
1,2,30,1,0,0.714285714,8.666666667,5,0,23,1
1,1,12,10,0,0.733333333,11,9,1,23,1
1,1,80,10,-7,0.75,11,9,2,23,1
1,2,76,6,-7,0.705882353,8.5,9,0,23,0
1,1,69,10,-7,0.666666667,7.333333333,8,1,23,0
1,1,53,10,-7,0.684210526,7.333333333,11.5,0,23,1
1,1,40,10,-7,0.65,5.666666667,11.5,0,23,0
1,2,40,10,-7,0.619047619,8.5,7.666666667,1,23,0
1,3,39,9,-7,0.636363636,13,6,0,23,1
1,1,29,10,-7,0.608695652,11.5,5.666666667,0,23,0
2,1,20,20,-7,0.625,11.5,2.333333333,0,23,1
2,2,14,14,-7,0.64,8,2.333333333,1,23,1
2,1,81,10,-7,0.653846154,5.333333333,3.5,2,23,1
2,1,68,10,-7,0.62962963,7.25,6,0,23,0
2,2,65,7,-7,0.607142857,6.333333333,4.5,1,23,0
2,1,41,10,-1,0.620689655,6.333333333,13.5,0,23,1
2,1,69,10,0,0.6,18,13.5,0,23,0
2,2,65,6,0,0.580645161,27,10.33333333,1,23,0
2,3,60,1,0,0.5625,41,9,2,23,0
2,1,57,10,0,0.575757576,41,9,0,23,1
2,1,36,10,0,0.588235294,31,4,1,23,1
2,2,43,17,0,0.6,9.5,4,2,23,1
2,3,38,12,0,0.583333333,8,4,0,23,0
2,4,35,9,0,0.594594595,8,3,0,23,1
2,1,93,10,0,0.605263158,6,3,1,23,1
2,2,93,10,0,0.615384615,0.75,3,2,23,1
2,3,87,4,0,0.625,2.75,3,3,23,1
2,1,46,25,0,0.634146341,1.5,3,4,23,1
2,2,28,7,0,0.642857143,4.8,0,5,23,1
2,1,21,10,0,0.651162791,6.2,0,6,23,1
2,2,21,10,0,0.659090909,6.2,0,7,23,1
2,3,21,10,0,0.666666667,5,0,8,23,1
3,1,80,10,0,0.673913043,5,0,9,23,1
3,2,75,5,0,0.659574468,2.4,0,0,23,0
3,1,65,10,0,0.645833333,1.25,10,1,23,0
3,2,62,7,0,0.653061224,1.666666667,6.5,0,23,1
3,3,62,7,0,0.66,1.666666667,6.5,1,23,1
3,1,53,10,0,0.647058824,4.666666667,6.5,0,23,0
3,1,24,10,0,0.634615385,4.5,9,1,23,0
3,2,21,7,0,0.641509434,4.5,6.666666667,0,23,1
3,1,2,2,6,0.62962963,9.333333333,8.5,0,23,0
3,1,13,10,13,0.636363636,14,6.333333333,0,23,1
3,1,50,10,13,0.625,16,6.333333333,0,23,0
3,2,45,5,13,0.631578947,16,3.333333333,0,23,1
3,1,40,10,13,0.620689655,12.33333333,3.5,0,23,0
3,2,39,9,13,0.627118644,9,2.666666667,0,23,1
3,1,16,10,13,0.616666667,13.66666667,3,0,23,0
3,2,16,10,13,0.606557377,14,2,1,23,0
3,3,15,9,13,0.612903226,14,0.666666667,0,23,1
4,1,81,10,16,0.603174603,13.5,0.666666667,0,23,0
4,1,70,10,16,0.59375,13.5,4,1,23,0
4,1,37,10,16,0.6,4,11.25,0,23,1
4,2,37,10,16,0.606060606,2,15,1,23,1
4,1,15,5,16,0.597014925,2,22,0,23,0
4,1,7,7,16,0.588235294,1,17.33333333,1,23,0
4,2,9,9,16,0.594202899,1,13,0,23,1
4,3,3,3,16,0.585714286,2.666666667,3,0,23,0
4,1,83,10,19,0.591549296,4,0.333333333,0,23,1
4,1,72,10,19,0.583333333,8.5,0.333333333,0,23,0
4,1,48,10,19,0.589041096,8.5,0.666666667,0,23,1
4,1,35,10,19,0.581081081,10,2,0,23,0
4,2,35,10,19,0.586666667,12,1.333333333,0,23,1
4,1,30,10,19,0.578947368,8,4.5,0,23,0
4,2,33,13,19,0.571428571,6.5,3.666666667,1,23,0
4,3,31,11,19,0.576923077,6.5,1.333333333,0,23,1
4,1,4,4,28,0.569620253,4,1.333333333,0,23,0
1,1,87,10,-7,0,0,0,0,24,0
1,2,84,7,-7,0.5,0,3,0,24,1
1,3,84,7,-7,0.666666667,0,3,1,24,1
1,1,78,10,-7,0.75,0,3,2,24,1
1,2,78,10,-7,0.8,0,3,3,24,1
1,3,78,10,-7,0.833333333,0,3,4,24,1
1,1,60,10,-7,0.857142857,0.6,0,5,24,1
1,2,53,3,-7,0.75,2,0,0,24,0
1,1,47,10,-7,0.777777778,2.5,6,0,24,1
1,1,32,10,-1,0.8,6.25,6,1,24,1
2,1,67,20,0,0.727272727,14.25,6,0,24,0
2,2,71,24,0,0.75,18,1,0,24,1
2,3,67,20,0,0.769230769,17,1,1,24,1
2,1,62,10,6,0.714285714,12.75,-4,0,24,0
2,2,60,8,6,0.733333333,12,-1,0,24,1
2,1,49,10,6,0.75,5,-1,1,24,1
2,1,75,10,6,0.705882353,3.75,2,0,24,0
2,2,66,1,6,0.666666667,3.666666667,5.5,1,24,0
2,1,64,10,6,0.631578947,5.5,4.333333333,2,24,0
2,2,82,28,6,0.65,5.5,3.666666667,0,24,1
2,3,82,28,6,0.619047619,0,3.666666667,0,24,0
2,1,80,10,6,0.636363636,0,4.25,0,24,1
2,1,68,10,6,0.608695652,6,2.666666667,0,24,0
2,2,63,5,6,0.583333333,6,3.666666667,1,24,0
2,1,55,10,6,0.6,6,6.333333333,0,24,1
2,2,57,12,6,0.576923077,5,6.333333333,0,24,0
2,3,57,12,6,0.592592593,5,4.333333333,0,24,1
2,1,66,10,6,0.607142857,-1,4.333333333,1,24,1
2,2,58,2,6,0.620689655,2,4,2,24,1
2,1,41,10,6,0.633333333,5.75,0,3,24,1
2,2,36,5,6,0.612903226,6.25,0,0,24,0
2,3,32,1,6,0.625,6.25,4,0,24,1
3,1,79,10,9,0.636363636,9.5,4,1,24,1
3,2,76,7,9,0.647058824,8.25,4,2,24,1
3,1,33,10,9,0.657142857,14.75,4,3,24,1
3,2,27,4,9,0.638888889,16.25,4,0,24,0
3,3,31,8,9,0.648648649,16.25,1,0,24,1
3,1,85,10,9,0.657894737,14.5,1,1,24,1
3,2,81,6,9,0.641025641,16,1,0,24,0
3,3,77,2,9,0.65,7,2.5,0,24,1
3,1,72,10,9,0.634146341,5,2.5,0,24,0
3,1,61,10,9,0.619047619,5,7.5,1,24,0
3,2,58,7,9,0.627906977,4.5,6,0,24,1
3,1,39,10,9,0.636363636,9.5,6,1,24,1
3,2,33,4,9,0.622222222,8.333333333,7,0,24,0
3,1,22,10,9,0.630434783,12.5,8.333333333,0,24,1
3,2,15,3,9,0.617021277,10.66666667,7,0,24,0
3,1,12,10,15,0.604166667,10.66666667,7,1,24,0
3,1,57,10,16,0.612244898,6.5,8.666666667,0,24,1
3,1,90,10,16,0.6,3.5,8.666666667,0,24,0
3,2,87,7,16,0.588235294,3.5,6,1,24,0
3,3,85,5,16,0.596153846,0,3.75,0,24,1
3,1,78,10,16,0.58490566,3.5,4,0,24,0
3,2,76,8,16,0.574074074,3.5,0.666666667,1,24,0
3,3,69,1,16,0.563636364,7,2.25,2,24,0
3,1,67,10,16,0.571428571,7,2,0,24,1
3,1,30,10,16,0.578947368,22,3.666666667,1,24,1
3,2,30,10,16,0.568965517,18.5,3.666666667,0,24,0
3,3,23,3,16,0.576271186,18.5,5.333333333,0,24,1
4,1,60,10,16,0.566666667,12.33333333,4.5,0,24,0
4,2,52,2,16,0.557377049,12.33333333,7.5,1,24,0
4,3,51,1,16,0.548387097,0,5.333333333,2,24,0
4,1,47,10,16,0.53968254,0,5,3,24,0
4,2,44,7,16,0.53125,0,4,4,24,0
4,3,42,5,16,0.538461538,0,3.6,0,24,1
4,1,26,10,16,0.53030303,16,2.5,0,24,0
4,2,26,10,16,0.537313433,16,2.25,0,24,1
4,3,21,5,16,0.544117647,10.5,1.666666667,1,24,1
4,1,73,10,19,0.536231884,7.333333333,1,0,24,0
4,2,66,3,19,0.528571429,7.333333333,3.5,1,24,0
4,3,64,1,19,0.521126761,3,3,2,24,0
4,1,43,10,19,0.513888889,3,10,3,24,0
1,1,80,10,0,1,0,0,0,5,1
1,2,78,8,0,0.5,2,0,0,5,0
1,3,71,1,0,0.333333333,2,7,1,5,0
1,1,60,10,0,0.5,2,9,0,5,1
1,2,60,10,0,0.4,1,9,0,5,0
1,1,80,10,-7,0.5,1,7.333333333,0,5,1
1,1,94,10,-7,0.428571429,0,7.333333333,0,5,0
1,2,90,6,-7,0.5,0,6.333333333,0,5,1
1,3,86,2,-7,0.555555556,1.333333333,4,1,5,1
1,1,64,10,-7,0.5,8.666666667,4,0,5,0
1,2,63,9,-7,0.545454545,8.666666667,2.5,0,5,1
1,1,43,10,-7,0.5,15.33333333,2.5,0,5,0
1,3,49,16,-7,0.538461538,15.33333333,1,0,5,1
1,1,89,10,-7,0.5,14,1,0,5,0
1,2,83,4,-7,0.533333333,10,2.666666667,0,5,1
2,1,76,10,-7,0.5,9,3.5,0,5,0
2,2,70,4,-7,0.529411765,3.5,4.333333333,0,5,1
2,3,70,4,-7,0.555555556,2.333333333,6,1,5,1
2,1,63,10,-7,0.526315789,4.666666667,6,0,5,0
2,2,64,11,-7,0.55,4.666666667,2.5,0,5,1
2,3,56,3,-7,0.523809524,5,2.5,0,5,0
2,4,54,1,-7,0.5,5,0.5,1,5,0
2,1,52,10,-7,0.52173913,7.5,1,0,5,1
2,2,49,7,-7,0.5,5.5,1,0,5,0
2,2,57,15,-7,0.48,5.5,2,1,5,0
2,3,51,9,-7,0.5,3,3,0,5,1
2,1,71,10,-7,0.518518519,1.5,3.333333333,1,5,1
2,2,71,10,-7,0.5,1,4,0,5,0
2,3,67,6,-7,0.517241379,0,4,0,5,1
2,1,62,15,-7,0.5,3.333333333,5,0,5,0
2,1,40,10,-7,0.516129032,3.333333333,13,0,5,1
2,2,40,10,-7,0.53125,3.333333333,13,1,5,1
2,3,34,4,-7,0.545454545,5.333333333,13,2,5,1
2,1,80,10,-11,0.529411765,4,22,0,5,0
2,2,78,8,-11,0.514285714,2,12,1,5,0
2,3,76,6,-11,0.527777778,2,2,0,5,1
2,1,39,10,-11,0.540540541,1.666666667,2,1,5,1
2,1,23,10,-11,0.552631579,0.666666667,2,2,5,1
2,2,23,10,-11,0.564102564,0.666666667,2,3,5,1
2,1,11,10,-11,0.575,3.5,2,4,5,1
2,2,11,10,-11,0.585365854,2.8,0,5,5,1
2,3,11,10,-11,0.595238095,3,0,6,5,1
3,1,80,10,-15,0.581395349,2.4,0,0,5,0
3,2,78,8,-15,0.568181818,3,2,1,5,0
3,3,76,6,-15,0.577777778,0,2,0,5,1
3,1,66,10,-15,0.565217391,3.333333333,2,0,5,0
3,2,63,7,-9,0.553191489,5,2.333333333,1,5,0
3,1,18,10,-8,0.541666667,10,17.5,2,5,0
3,2,18,10,-8,0.551020408,10,17,0,5,1
3,3,12,4,-8,0.56,8,22,1,5,1
3,1,7,7,-8,0.549019608,5.5,22,0,5,0
3,2,7,7,-8,0.538461538,5.5,21,1,5,0
3,3,6,6,-8,0.547169811,5.5,0.333333333,0,5,1
3,1,90,10,-5,0.555555556,3.666666667,0.5,1,5,1
3,1,79,10,-5,0.563636364,5.333333333,0.5,2,5,1
3,2,79,10,-5,0.571428571,3.666666667,0.5,3,5,1
3,1,55,10,-5,0.578947368,8.75,1,4,5,1
4,2,55,10,-5,0.568965517,7,0,0,5,0
4,3,54,9,-5,0.576271186,8.75,1,0,5,1
4,1,43,10,-5,0.566666667,8.75,1,0,5,0
4,2,40,7,-5,0.557377049,11.66666667,2,1,5,0
4,1,32,10,-5,0.548387097,5.5,4,2,5,0
4,2,31,9,-5,0.555555556,11,3.25,0,5,1
4,3,31,9,-5,0.5625,5.5,4,1,5,1
4,1,80,10,-8,0.553846154,-0.5,4,0,5,0
4,2,76,6,-8,0.545454545,-0.5,4.333333333,1,5,0
4,2,77,19,-8,0.552238806,-0.5,4.333333333,0,5,1
4,3,73,15,-8,0.558823529,1,6,1,5,1
4,2,95,16,-8,0.565217391,1,6,2,5,1
4,2,91,16,-8,0.571428571,1.333333333,6,3,5,1
4,3,84,9,-8,0.577464789,2.75,8,4,5,1
4,4,84,9,-8,0.583333333,2.2,0,5,5,1
4,1,80,10,-11,0.589041096,1.4,0,6,5,1
4,2,72,2,-11,0.594594595,3,0,7,5,1
4,1,63,10,-11,0.6,4.8,0,8,5,1
4,2,55,2,-11,0.605263158,5,0,9,5,1
1,1,80,10,0,1,0,0,0,9,1
1,2,80,10,0,0.5,0,0,0,9,0
1,3,79,9,0,0.666666667,0,1,0,9,1
1,1,69,10,0,0.5,2.5,1,0,9,0
1,2,65,6,0,0.6,2.5,2.5,0,9,1
1,3,65,6,0,0.666666667,1.666666667,2.5,1,9,1
1,1,85,15,-7,0.571428571,3.333333333,2.5,0,9,0
1,2,89,19,-7,0.625,3.333333333,0,0,9,1
1,3,88,18,-7,0.666666667,2,0,1,9,1
1,1,61,10,-7,0.6,8.25,-4,0,9,0
1,2,59,8,-7,0.545454545,11,-1,1,9,0
1,3,55,4,-7,0.583333333,14,0.666666667,0,9,1
1,1,59,10,-7,0.538461538,9.333333333,3,0,9,0
1,2,56,7,-7,0.571428571,13.5,3,0,9,1
1,3,56,7,-7,0.6,0,3,1,9,1
2,1,80,10,-7,0.5625,0,3.5,0,9,0
2,2,71,1,-7,0.529411765,0,6,1,9,0
2,1,68,10,-7,0.555555556,0,5,0,9,1
2,2,60,2,-7,0.526315789,2.666666667,6,0,9,0
2,1,54,10,-7,0.5,4,6,1,9,0
2,2,51,7,-7,0.476190476,8,5.25,2,9,0
2,1,30,10,-7,0.454545455,8,8.25,3,9,0
2,2,27,7,-7,0.47826087,8,8.25,0,9,1
2,1,18,10,-7,0.458333333,9,8.25,0,9,0
2,1,6,6,-7,0.48,9,9.75,0,9,1
2,2,6,6,-7,0.461538462,4.5,12,0,9,0
2,3,1,1,-7,0.481481481,4.5,6.666666667,0,9,1
2,4,1,1,-1,0.464285714,3,8.5,0,9,0
2,1,94,10,0,0.448275862,0,6,1,9,0
2,2,94,10,0,0.433333333,0,2,2,9,0
2,3,87,3,0,0.451612903,0,3.25,0,9,1
2,1,72,10,0,0.46875,7.5,2.666666667,1,9,1
2,2,72,10,0,0.454545455,7.5,2.666666667,0,9,0
2,3,64,2,0,0.441176471,7.5,5,1,9,0
2,1,60,10,0,0.457142857,7.5,6.333333333,0,9,1
2,1,66,16,0,0.444444444,6.333333333,6,0,9,0
2,2,66,16,0,0.432432432,2,4,1,9,0
2,3,60,10,0,0.447368421,4,4.5,0,9,1
3,1,95,10,0,0.461538462,2,3.333333333,1,9,1
3,2,92,7,0,0.45,2.333333333,3,0,9,0
3,1,81,10,0,0.463414634,1.5,5.666666667,0,9,1
3,1,37,10,0,0.476190476,15.66666667,8.5,1,9,1
3,2,34,7,0,0.488372093,12.5,11,2,9,1
3,1,34,10,0,0.5,11.5,11,3,9,1
3,1,6,6,6,0.488888889,17.75,11,0,9,0
3,1,80,10,0,0.5,17.75,6,0,9,1
3,2,80,10,0,0.489361702,6.75,6,0,9,0
4,1,80,10,-1,0.479166667,8,4.5,1,9,0
4,2,75,5,-1,0.469387755,14,4.666666667,2,9,0
4,1,70,10,-1,0.48,0,4.75,0,9,1
4,2,70,10,-1,0.470588235,0,4.333333333,0,9,0
4,1,59,10,-1,0.480769231,0,6,0,9,1
4,1,32,10,-1,0.490566038,13.5,7,1,9,1
4,1,18,10,-1,0.5,13.66666667,8,2,9,1
4,2,11,3,-1,0.490909091,12,11,0,9,0
4,3,13,5,-1,0.5,16,4.5,0,9,1
4,1,80,10,-1,0.50877193,12,-2,1,9,1
4,2,71,1,-1,0.517241379,7.5,-2,2,9,1
4,1,37,10,-1,0.508474576,12.5,-2,0,9,0
4,2,32,5,-1,0.5,14.33333333,1.5,1,9,0
4,3,35,8,-1,0.508196721,14.33333333,1,0,9,1
5,1,85,15,-1,0.516129032,14.33333333,1,1,9,1
5,2,71,1,-1,0.507936508,16,1,0,9,0
5,1,68,10,-1,0.515625,7,1.666666667,0,9,1
5,2,72,14,-1,0.507692308,5,0,0,9,0
5,1,52,10,-1,0.515151515,5,11.5,0,9,1
5,2,54,12,-1,0.507462687,4.333333333,11.5,0,9,0
5,3,45,3,-1,0.514705882,-0.5,10.66666667,0,9,1
5,4,43,1,-1,0.507246377,0.333333333,14.5,0,9,0
5,1,41,10,5,0.514285714,0,10.33333333,0,9,1
1,1,64,10,-3,1,0,0,0,20,1
1,1,4,4,-3,0.5,60,0,0,20,0
1,2,4,4,-3,0.333333333,60,0,1,20,0
1,3,2,2,3,0.5,60,1,0,20,1
1,1,58,10,6,0.4,31,1,0,20,0
1,2,56,8,6,0.333333333,31,1.333333333,1,20,0
1,1,46,10,6,0.428571429,2,3.5,0,20,1
1,1,26,10,6,0.5,11,4.666666667,1,20,1
1,2,25,9,6,0.444444444,9.333333333,6,0,20,0
1,3,18,2,6,0.4,13,6.333333333,1,20,0
1,1,15,10,6,0.454545455,13,6.666666667,0,20,1
1,2,8,3,6,0.416666667,11,5,0,20,0
1,1,2,2,6,0.384615385,6.5,5.333333333,1,20,0
1,2,1,1,12,0.357142857,7,4.25,2,20,0
1,1,71,10,13,0.4,7,2.75,0,20,1
1,2,71,10,13,0.4375,3.5,2.666666667,1,20,1
1,3,64,3,13,0.411764706,1,2.666666667,0,20,0
1,1,57,10,13,0.444444444,1,3,0,20,1
1,2,48,1,13,0.421052632,3.666666667,4,0,20,0
1,3,48,1,13,0.4,3.666666667,3.5,1,20,0
2,1,47,10,13,0.380952381,5.5,2.666666667,2,20,0
2,2,52,15,13,0.409090909,9,0.75,0,20,1
2,2,19,17,13,0.434782609,24.5,-1.333333333,1,20,1
2,3,19,17,13,0.458333333,20,-1.333333333,2,20,1
2,1,80,10,10,0.48,15,-2,3,20,1
2,1,59,10,10,0.461538462,16.5,-5,0,20,0
2,2,68,19,10,0.481481481,16.5,1,0,20,1
2,3,63,14,10,0.5,7.75,1,1,20,1
2,1,80,10,3,0.517241379,7.75,1,2,20,1
2,2,74,4,3,0.5,8,1,0,20,0
2,1,67,10,3,0.483870968,3.666666667,1,1,20,0
2,1,54,10,3,0.46875,3.666666667,7,2,20,0
2,2,52,8,3,0.484848485,3,5.333333333,0,20,1
2,3,49,5,3,0.5,4.5,5.333333333,1,20,1
2,1,44,10,3,0.485714286,4,5.333333333,0,20,0
2,2,48,14,3,0.5,4,3.666666667,0,20,1
2,3,46,12,3,0.513513514,3.333333333,-1,1,20,1
2,1,61,10,3,0.526315789,2.5,-4,2,20,1
3,1,80,10,3,0.538461538,2.5,-4,3,20,1
3,2,71,1,3,0.525,3.5,-4,0,20,0
3,1,67,10,3,0.536585366,3.5,4,0,20,1
3,1,40,10,3,0.547619048,9.75,4,1,20,1
3,2,40,10,3,0.534883721,9.75,4,0,20,0
3,3,38,8,3,0.545454545,12,3,0,20,1
3,1,89,10,3,0.533333333,9,3,0,20,0
3,1,50,10,3,0.543478261,9,1.5,0,20,1
3,3,47,7,3,0.531914894,1.333333333,1.5,0,20,0
3,1,77,20,3,0.520833333,2,-10.33333333,1,20,0
3,3,72,15,3,0.530612245,2,-7,0,20,1
3,1,55,10,3,0.52,10.5,-7,0,20,0
3,1,65,20,3,0.509803922,10.5,-7.333333333,1,20,0
3,2,61,16,3,0.5,17,-4.5,2,20,0
3,3,58,13,3,0.509433962,17,4.75,0,20,1
4,1,80,10,-4,0.518518519,12.5,2.333333333,1,20,1
4,1,66,10,-4,0.509090909,11,2.333333333,0,20,0
4,1,61,10,-4,0.517857143,11,2.333333333,0,20,1
4,2,61,10,-4,0.526315789,7.333333333,1.5,1,20,1
4,1,46,10,-4,0.517241379,9.25,0,0,20,0
4,2,49,13,-4,0.525423729,9.666666667,-1.5,0,20,1
4,3,39,3,-4,0.516666667,8.333333333,-1.5,0,20,0
4,4,37,1,-4,0.508196721,8.333333333,-0.5,1,20,0
4,1,35,10,-4,0.516129032,12.5,0.333333333,0,20,1
4,2,26,1,-4,0.523809524,9.5,0.333333333,1,20,1
4,3,26,1,-4,0.515625,6.333333333,2,0,20,0
4,1,22,10,-4,0.523076923,4.5,2.666666667,0,20,1
4,2,18,6,-4,0.515151515,4.333333333,3,0,20,0
4,3,19,7,-4,0.52238806,4.333333333,1.5,0,20,1
4,1,70,10,-1,0.514705882,1.333333333,1.5,0,20,0
4,2,66,6,-1,0.52173913,2,2.333333333,0,20,1
4,1,50,10,-1,0.514285714,6.666666667,1.5,0,20,0
4,2,48,8,-1,0.521126761,8,1.666666667,0,20,1
4,3,48,8,-1,0.527777778,5.333333333,3,1,20,1
4,1,50,10,-1,0.520547945,5.333333333,3,0,20,0
4,2,50,10,-1,0.527027027,5.333333333,1,0,20,1
4,1,38,10,-1,0.533333333,4,1,1,20,1
4,1,28,10,-1,0.539473684,5.5,0,2,20,1
4,1,8,8,-1,0.532467532,10.5,0,0,20,0
4,2,9,9,-1,0.538461538,14,-0.5,0,20,1
4,1,71,10,-1,0.544303797,10.5,-1,1,20,1
4,2,66,5,-1,0.55,8.75,-1,2,20,1
4,1,56,10,-1,0.555555556,8.75,-1,3,20,1
4,2,56,10,-1,0.56097561,3.75,-1,4,20,1
4,3,56,10,-1,0.56626506,3,0,5,20,1
4,4,56,10,-1,0.571428571,3,0,6,20,1
1,1,86,10,0,1,0,0,0,30,1
1,2,81,5,0,1,5,0,1,30,1
1,1,76,10,0,0.666666667,5,0,0,30,0
1,1,86,10,0,0.75,5,1,0,30,1
1,2,79,3,0,0.6,5.666666667,1,0,30,0
1,1,75,10,0,0.5,5.666666667,2.5,1,30,0
1,1,63,10,0,0.571428571,6,5.666666667,0,30,1
1,1,52,10,0,0.5,9,5.666666667,0,30,0
1,2,50,8,0,0.444444444,9,6,1,30,0
1,1,39,10,6,0.5,11,7.25,0,30,1
1,1,80,10,7,0.454545455,25,8.333333333,0,30,0
1,2,78,8,7,0.416666667,25,5,1,30,0
1,1,62,10,7,0.384615385,39,7.75,2,30,0
1,2,57,5,7,0.428571429,39,8.5,0,30,1
1,1,92,10,0,0.4,19.5,7.666666667,0,30,0
1,2,88,6,0,0.4375,0,6.75,0,30,1
1,3,88,6,0,0.470588235,0,8.333333333,1,30,1
2,1,78,10,-7,0.5,0,4.5,2,30,1
2,2,77,9,-7,0.473684211,0.25,4,0,30,0
2,3,75,7,-7,0.5,0.333333333,3,0,30,1
2,1,64,10,-7,0.523809524,0.25,2,1,30,1
2,2,65,11,-7,0.5,0,2,0,30,0
2,3,65,11,-7,0.52173913,0,1,0,30,1
2,1,61,10,-14,0.541666667,2,1,1,30,1
2,2,57,6,-14,0.52,2.5,0,0,30,0
2,3,52,1,-14,0.5,3.333333333,2.5,1,30,0
2,1,42,10,-14,0.481481481,5.5,5,2,30,0
2,2,38,6,-14,0.464285714,5.5,6.333333333,3,30,0
2,3,35,3,-8,0.482758621,4,5.5,0,30,1
2,1,74,10,-14,0.5,35,5.5,1,30,1
2,2,66,2,-14,0.516129032,21.5,5.666666667,2,30,1
2,1,53,15,-14,0.53125,20.33333333,3.5,3,30,1
2,1,33,10,-14,0.545454545,16.5,3,4,30,1
2,2,33,10,-14,0.558823529,13.2,0,5,30,1
2,3,33,10,-14,0.571428571,6.2,0,6,30,1
3,1,80,10,-21,0.555555556,4.6,0,0,30,0
3,2,79,9,-21,0.567567568,1.25,1,0,30,1
3,3,80,10,-21,0.578947368,-0.25,1,1,30,1
3,1,62,10,-21,0.564102564,4.25,1,0,30,0
3,2,55,3,-21,0.575,5.666666667,4,0,30,1
3,1,49,10,-21,0.56097561,7.666666667,4,0,30,0
3,2,49,10,-21,0.571428571,7.666666667,3.5,0,30,1
3,3,49,10,-21,0.581395349,8,3.5,1,30,1
4,1,80,10,-24,0.568181818,2,3.5,0,30,0
4,2,75,5,-24,0.577777778,2,2.5,0,30,1
4,1,61,10,-24,0.565217391,4.666666667,2.5,0,30,0
4,2,58,7,-24,0.574468085,4.666666667,4,0,30,1
4,3,52,1,-24,0.5625,6.666666667,4,0,30,0
4,1,48,10,-24,0.571428571,10,4,0,30,1
4,2,48,10,-24,0.58,6.666666667,3.5,1,30,1
4,1,84,10,-24,0.588235294,2,3.5,2,30,1
4,2,84,10,-24,0.596153846,1.5,4,3,30,1
4,3,78,4,-24,0.603773585,1.5,4,4,30,1
4,1,74,10,-24,0.611111111,2,0,5,30,1
4,1,63,10,-24,0.618181818,4.2,0,6,30,1
4,2,63,10,-24,0.625,4.2,0,7,30,1
4,3,66,13,-24,0.631578947,4.6,0,8,30,1
4,1,42,10,-24,0.637931034,8.2,0,9,30,1
4,1,28,10,-24,0.627118644,10.2,0,0,30,0
4,3,25,7,-24,0.633333333,10,5,0,30,1
4,1,85,10,-21,0.639344262,10,5,1,30,1
4,2,77,2,-27,0.64516129,11.5,5,2,30,1
4,1,80,10,-27,0.634920635,5.5,5,0,30,0
4,2,77,7,-27,0.625,2.666666667,4,1,30,0
4,1,69,10,-27,0.630769231,2.666666667,5.5,0,30,1
4,2,64,5,-27,0.621212121,4.333333333,5.5,0,30,0
4,3,60,1,-27,0.611940299,2.5,5,1,30,0
4,2,56,13,-27,0.602941176,5,5.5,2,30,0
4,3,49,6,-27,0.594202899,5,6.5,3,30,0
1,1,80,10,0,1,0,0,0,11,1
1,2,72,2,0,0.5,8,0,0,11,0
1,3,72,2,0,0.333333333,8,0,1,11,0
1,1,67,10,0,0.25,8,2.5,2,11,0
1,2,70,13,0,0.4,8,0.666666667,0,11,1
1,1,47,10,0,0.333333333,15.5,0.666666667,0,11,0
1,2,42,5,0,0.428571429,23,1.75,0,11,1
1,1,38,10,0,0.5,11.5,2.333333333,1,11,1
1,2,41,13,0,0.444444444,6.666666667,1,0,11,0
1,3,40,12,0,0.5,6.666666667,3,0,11,1
1,1,28,10,0,0.454545455,3,3,0,11,0
1,2,25,7,0,0.5,3,2,0,11,1
1,3,40,22,0,0.538461538,3,2,1,11,1
1,1,76,10,0,0.5,6.666666667,2,0,11,0
1,2,75,9,0,0.466666667,6.666666667,2,1,11,0
1,1,80,10,-7,0.4375,4,1.333333333,2,11,0
1,2,80,10,-7,0.470588235,4,0.333333333,0,11,1
1,1,67,10,-7,0.444444444,10.5,0.333333333,0,11,0
1,1,48,10,-7,0.473684211,13,5,0,11,1
1,1,5,5,-7,0.45,28,6.333333333,0,11,0
2,2,1,1,-7,0.428571429,28,7.666666667,1,11,0
2,3,2,2,-1,0.454545455,28,7.333333333,0,11,1
2,1,80,10,-7,0.47826087,22.5,7.333333333,1,11,1
2,2,80,10,-7,0.5,15,1.5,2,11,1
2,1,80,10,-10,0.48,0.666666667,1.5,0,11,0
2,2,82,12,-10,0.5,0.666666667,-1.5,0,11,1
2,3,82,12,-10,0.518518519,0.5,-2,1,11,1
3,1,80,10,-24,0.535714286,0,-2,2,11,1
3,2,80,10,-24,0.551724138,0,-2,3,11,1
3,1,80,10,-31,0.533333333,0.75,-2,0,11,0
3,2,78,8,-31,0.548387097,0.75,2,0,11,1
3,3,78,8,-31,0.5625,0.75,2,1,11,1
3,1,67,10,-31,0.575757576,3.5,2,2,11,1
3,3,67,10,-31,0.588235294,5.5,2,3,11,1
3,1,58,10,-31,0.571428571,6.75,2,0,11,0
3,2,54,6,-31,0.555555556,6.75,4,1,11,0
4,1,80,10,-38,0.567567568,9,3,0,11,1
4,2,74,4,-38,0.578947368,7.333333333,3,1,11,1
4,1,62,10,-38,0.58974359,8.666666667,3,2,11,1
4,3,62,10,-38,0.575,6.333333333,3,0,11,0
4,1,55,10,-38,0.56097561,6.333333333,0,1,11,0
4,2,49,4,-38,0.547619048,6.333333333,2,2,11,0
4,3,46,1,-38,0.534883721,6.5,2.333333333,3,11,0
4,1,44,10,-38,0.522727273,1,2.25,4,11,0
4,2,45,11,-38,0.533333333,0,1.6,0,11,1
4,1,44,10,-38,0.52173913,16,2.5,0,11,0
4,1,28,10,-38,0.531914894,16,5,0,11,1
4,2,24,6,-38,0.541666667,10,5.666666667,1,11,1
4,3,24,6,-32,0.551020408,6.666666667,7.5,2,11,1
4,1,70,10,-31,0.54,11,16,0,11,0
4,2,68,8,-31,0.529411765,9.333333333,9,1,11,0
1,1,83,10,0,0,0,0,0,22,0
1,2,75,2,0,0.5,0,8,0,22,1
1,1,71,10,0,0.333333333,4,8,0,22,0
1,2,64,3,0,0.5,4,7.5,0,22,1
1,3,64,3,0,0.6,2,7.5,1,22,1
1,1,57,10,0,0.5,3.666666667,7.5,0,22,0
1,2,51,4,0,0.571428571,3.666666667,6.5,0,22,1
1,3,61,14,0,0.625,2.333333333,6.5,1,22,1
1,1,90,20,0,0.555555556,1.75,6,0,22,0
1,2,71,1,0,0.5,2.333333333,12.5,1,22,0
1,1,70,10,0,0.454545455,0,8.666666667,2,22,0
1,2,84,24,0,0.416666667,0,7,3,22,0
1,3,71,11,0,0.461538462,0,8.5,0,22,1
1,1,57,10,0,0.5,7,8.5,1,22,1
1,2,57,10,0,0.466666667,3.5,5,0,22,0
1,3,59,12,0,0.5,3.5,4,0,22,1
2,1,81,10,-7,0.529411765,2.333333333,5.5,1,22,1
2,2,77,6,-7,0.5,2.75,-2,0,22,0
2,1,70,10,-7,0.526315789,1.333333333,2.5,0,22,1
2,2,70,10,-7,0.5,1.333333333,2.5,0,22,0
2,3,69,9,-7,0.523809524,1.333333333,4,0,22,1
2,1,59,10,-14,0.545454545,2,4,1,22,1
2,2,53,4,-14,0.52173913,2.666666667,4,0,22,0
2,3,59,10,-14,0.541666667,2.666666667,-2.5,0,22,1
2,1,39,10,-14,0.52,9.333333333,-2.5,0,22,0
2,1,27,10,-14,0.538461538,9.333333333,3,0,22,1
2,1,11,10,-14,0.518518519,14,3,0,22,0
2,2,10,9,-14,0.5,18,2.333333333,1,22,0
2,3,5,4,-8,0.517241379,18,6,0,22,1
2,1,56,10,-7,0.533333333,10.5,6,1,22,1
2,1,40,10,-7,0.548387097,12.33333333,3,2,22,1
2,2,40,10,-7,0.53125,7,3,0,22,0
2,3,43,13,-7,0.545454545,7,1,0,22,1
3,1,94,10,-1,0.558823529,6.25,-3,1,22,1
3,2,94,10,-1,0.542857143,5,-3,0,22,0
3,3,93,9,-1,0.555555556,1.333333333,-1,0,22,1
3,1,80,10,11,0.540540541,1.333333333,-1,0,22,0
3,2,73,3,11,0.526315789,1.333333333,4,1,22,0
3,1,69,10,11,0.512820513,0,4,2,22,0
3,2,67,8,11,0.5,0,3.5,3,22,0
4,3,61,2,11,0.487804878,0,4.75,4,22,0
4,1,55,10,11,0.476190476,0,5,5,22,0
4,2,53,8,11,0.488372093,0,4,0,22,1
4,1,37,10,11,0.5,5,4,1,22,1
4,2,37,10,11,0.488888889,2.5,4.666666667,0,22,0
4,1,18,10,11,0.47826087,2.5,9,1,22,0
4,2,15,7,11,0.468085106,2.5,8,2,22,0
4,3,10,2,17,0.479166667,2.5,9,0,22,1
4,1,66,10,18,0.469387755,5,9,0,22,0
4,2,61,5,18,0.46,10,8,1,22,0
4,3,64,8,18,0.450980392,10,2.5,2,22,0
4,2,46,10,4,0.442307692,10,0.5,3,22,0
4,3,47,11,4,0.452830189,10,-1,0,22,1
4,1,33,10,4,0.444444444,14,-1,0,22,0
4,2,32,9,4,0.436363636,14,-2,1,22,0
4,3,28,5,4,0.428571429,14,-0.25,2,22,0
1,1,61,10,0,1,0,0,0,4,1
1,2,61,10,0,1,42,0,1,4,1
1,3,53,2,0,0.666666667,22.5,0,0,4,0
1,1,48,10,0,0.5,22.5,5,1,4,0
1,2,44,6,0,0.6,22.5,4.5,0,4,1
1,3,40,2,0,0.5,16.33333333,4.5,0,4,0
1,1,37,10,0,0.571428571,3.5,4,0,4,1
1,1,16,10,0,0.5,12.5,4,0,4,0
1,1,1,1,6,0.444444444,12.5,7.333333333,1,4,0
1,1,82,10,0,0.4,12.5,6.333333333,2,4,0
1,2,82,10,0,0.454545455,21,4.75,0,4,1
1,3,76,4,0,0.5,11,5.333333333,1,4,1
1,1,87,10,0,0.538461538,0.5,5.333333333,2,4,1
1,2,86,9,0,0.5,0.666666667,0.5,0,4,0
1,3,78,1,0,0.466666667,0.666666667,4,1,4,0
2,1,96,10,0,0.5,0.666666667,4,0,4,1
2,2,97,11,0,0.470588235,0,4,0,4,0
2,3,90,4,0,0.5,0,5,0,4,1
2,1,57,30,0,0.473684211,-0.5,5,0,4,0
2,2,53,26,6,0.5,-0.5,3.666666667,0,4,1
2,1,90,10,4,0.476190476,17.33333333,5.5,0,4,0
2,2,81,1,4,0.454545455,26.5,6.666666667,1,4,0
2,1,87,20,4,0.434782609,26.5,5.666666667,2,4,0
2,2,84,17,4,0.458333333,53,5,0,4,1
2,3,84,17,4,0.48,26.5,5.333333333,1,4,1
2,1,80,10,4,0.5,2,5.333333333,2,4,1
2,2,74,4,4,0.518518519,3.333333333,3.5,3,4,1
2,1,64,10,4,0.535714286,5,3,4,4,1
2,2,63,9,4,0.551724138,4.2,0,5,4,1
2,1,53,10,4,0.566666667,6.2,0,6,4,1
2,2,48,5,4,0.580645161,6.4,0,7,4,1
2,3,48,5,4,0.59375,5.2,0,8,4,1
2,1,41,10,4,0.606060606,5.8,0,9,4,1
2,2,38,7,4,0.617647059,6.2,0,10,4,1
2,3,38,7,4,0.628571429,4.2,0,11,4,1
3,1,80,10,7,0.638888889,5.4,0,12,4,1
3,2,80,10,7,0.621621622,5.4,0,0,4,0
3,3,74,4,7,0.605263158,3.5,6,1,4,0
3,1,67,10,7,0.615384615,3.666666667,6.5,0,4,1
3,1,49,10,7,0.6,9.666666667,6.5,0,4,0
3,2,42,3,7,0.585365854,9,6.666666667,1,4,0
3,3,40,1,7,0.571428571,18,5.5,2,4,0
3,1,36,10,7,0.558139535,18,5,3,4,0
3,2,35,9,7,0.545454545,18,3.5,4,4,0
3,3,30,4,7,0.533333333,0,3.8,5,4,0
3,1,26,10,7,0.52173913,0,3.2,6,4,0
3,2,22,6,7,0.510638298,0,3.6,7,4,0
3,3,23,7,7,0.520833333,0,2.6,0,4,1
3,1,80,10,7,0.510204082,0,3,0,4,0
3,2,75,5,7,0.5,0,3,1,4,0
3,3,78,8,7,0.509803922,0,1.25,0,4,1
3,1,75,10,0,0.5,0,0.333333333,0,4,0
3,2,70,5,0,0.509433962,0,2.333333333,0,4,1
4,1,52,10,0,0.5,9,2.333333333,0,4,0
4,2,48,6,0,0.509090909,9,2,0,4,1
4,1,37,10,0,0.5,9.666666667,4.5,0,4,0
4,2,37,10,0,0.50877193,14.5,3,0,4,1
4,3,32,5,0,0.517241379,9.666666667,2,1,4,1
4,1,24,10,0,0.525423729,6.333333333,2,2,4,1
4,1,46,10,0,0.533333333,4.75,0,3,4,1
4,2,46,10,0,0.540983607,2,0,4,4,1
4,3,41,5,0,0.548387097,2.6,0,5,4,1
4,1,66,10,0,0.555555556,2.6,0,6,4,1
4,2,59,3,0,0.5625,2.4,0,7,4,1
4,3,59,3,0,0.569230769,2.4,0,8,4,1
4,1,18,10,0,0.560606061,10.6,0,0,4,0
4,2,19,11,0,0.552238806,12,-1,1,4,0
4,3,12,4,0,0.558823529,16,0.5,0,4,1
4,1,64,10,3,0.550724638,13.66666667,0.5,0,4,0
4,2,63,9,3,0.542857143,20.5,0.666666667,1,4,0
1,1,74,10,-7,0,0,0,0,1,0
1,2,70,6,-7,0,0,4,1,1,0
1,3,73,9,-7,0.333333333,0,3,0,1,1
1,1,43,10,-7,0.5,30,3,1,1,1
1,2,34,1,-7,0.6,19.5,3,2,1,1
1,1,29,10,-7,0.666666667,14.66666667,3,3,1,1
1,2,32,13,-7,0.714285714,12.75,2,4,1,1
1,3,32,13,-7,0.75,10.2,0,5,1,1
1,1,18,10,-7,0.666666667,7,0,0,1,0
1,2,21,13,-7,0.7,6.5,-3,0,1,1
1,3,18,10,-7,0.727272727,6,-3,1,1,1
2,1,75,10,-7,0.666666667,4.25,-3,0,1,0
2,2,73,8,-7,0.615384615,5.666666667,-0.5,1,1,0
2,3,71,6,-7,0.642857143,1.5,0.333333333,0,1,1
2,1,53,10,-7,0.6,2.666666667,2,0,1,0
2,1,33,10,-7,0.5625,2.5,8,1,1,0
2,2,29,6,-7,0.588235294,5,7,0,1,1
2,1,22,10,-1,0.611111111,6,8.666666667,1,1,1
2,1,85,10,0,0.631578947,11.33333333,12,2,1,1
2,2,85,10,0,0.65,9.666666667,12,3,1,1
2,3,80,5,0,0.666666667,8.5,4,4,1,1
2,1,56,10,-7,0.681818182,6.8,0,5,1,1
2,2,56,10,-7,0.695652174,5.4,0,6,1,1
2,3,49,3,-7,0.708333333,2.4,0,7,1,1
2,1,28,10,-7,0.68,6.6,0,0,1,0
2,2,25,7,-7,0.692307692,7,3,0,1,1
2,3,19,1,-7,0.666666667,8.5,3,0,1,0
2,1,17,10,-7,0.678571429,11.33333333,2.5,0,1,1
2,2,12,5,-7,0.655172414,10.66666667,2.5,0,1,0
2,3,10,3,-7,0.666666667,5.5,2.333333333,0,1,1
2,4,8,1,-7,0.64516129,4.333333333,2,0,1,0
3,1,80,10,-7,0.65625,3.5,1.333333333,0,1,1
3,1,65,10,-7,0.636363636,7.333333333,1,0,1,0
3,2,59,4,-7,0.647058824,8.5,2.666666667,0,1,1
3,3,59,4,-7,0.657142857,5.666666667,3,1,1,1
3,1,93,10,-13,0.666666667,5,3,2,1,1
3,3,98,15,-13,0.675675676,3.75,6,3,1,1
3,1,76,10,-13,0.657894737,5.5,6,0,1,0
3,2,74,8,-13,0.641025641,5.5,2,1,1,0
3,3,71,5,-13,0.65,7.333333333,2.5,0,1,1
3,1,64,10,-13,0.634146341,9.666666667,2.5,0,1,0
3,2,63,9,-13,0.642857143,14.5,2,0,1,1
3,1,51,10,-13,0.627906977,9.5,2,0,1,0
3,2,49,8,-13,0.636363636,9.5,2,0,1,1
3,1,84,10,-13,0.622222222,10,1.5,0,1,0
3,2,80,6,-13,0.608695652,11.5,2.333333333,1,1,0
3,1,72,10,-13,0.617021277,11.5,4.666666667,0,1,1
3,1,56,10,-13,0.604166667,13.5,4.666666667,0,1,0
3,1,80,10,-20,0.612244898,13.5,4,0,1,1
3,2,71,1,-20,0.6,12.5,4,0,1,0
4,1,61,10,-26,0.607843137,12.5,6,0,1,1
4,1,78,15,-20,0.615384615,8.333333333,5,1,1,1
4,1,65,10,-19,0.622641509,29,5,2,1,1
4,1,49,10,-19,0.62962963,25.75,10,3,1,1
4,2,46,7,-19,0.636363636,24.25,10,4,1,1
4,1,36,10,-19,0.642857143,21.4,0,5,1,1
4,2,36,10,-19,0.649122807,21.4,0,6,1,1
4,3,36,10,-19,0.655172414,5.8,0,7,1,1
4,4,30,4,-19,0.661016949,3.8,0,8,1,1
4,1,80,10,-22,0.666666667,3.2,0,9,1,1
4,2,72,2,-22,0.672131148,2.8,0,10,1,1
1,1,80,10,0,1,0,0,0,32,1
1,1,62,10,0,0.5,18,0,0,32,0
1,2,61,9,0,0.666666667,18,1,0,32,1
1,3,56,4,0,0.75,11.5,1,1,32,1
1,1,45,10,0,0.8,11.33333333,1,2,32,1
1,1,1,1,6,0.666666667,12.5,1,0,32,0
1,1,80,10,7,0.571428571,10.66666667,1,1,32,0
1,2,72,2,7,0.5,10.66666667,4.5,2,32,0
1,1,74,15,7,0.444444444,13.5,4,3,32,0
1,3,79,20,7,0.5,16,3.5,0,32,1
1,1,83,10,1,0.454545455,10,3.5,0,32,0
1,2,83,10,1,0.416666667,10,3.25,1,32,0
1,3,80,7,1,0.461538462,10,2,0,32,1
1,1,80,10,-6,0.5,5,1.666666667,1,32,1
1,2,80,10,-6,0.466666667,3.333333333,1.5,0,32,0
1,3,78,8,-6,0.5,0,1.666666667,0,32,1
1,1,35,10,-6,0.470588235,14.33333333,2.5,0,32,0
2,2,33,8,-6,0.444444444,14.33333333,2,1,32,0
2,1,71,20,-6,0.473684211,21.5,-0.666666667,0,32,1
2,2,61,10,-6,0.5,26.5,-0.666666667,1,32,1
2,3,60,9,-6,0.523809524,18,-2,2,32,1
2,1,58,10,-6,0.5,3.666666667,-2,0,32,0
2,2,57,9,-6,0.52173913,3.666666667,-2.5,0,32,1
2,1,40,10,-6,0.541666667,7,1,1,32,1
2,1,27,15,-6,0.56,8.75,1,2,32,1
2,2,27,15,-6,0.576923077,8.5,1,3,32,1
2,3,16,4,-6,0.592592593,11.25,1,4,32,1
2,1,62,10,-3,0.607142857,9,0,5,32,1
2,1,80,10,-6,0.620689655,8,0,6,32,1
2,2,80,10,-6,0.633333333,4.6,0,7,32,1
2,3,73,3,-6,0.64516129,6,0,8,32,1
2,1,69,10,-6,0.65625,4.6,0,9,32,1
2,3,76,17,-6,0.666666667,4.6,0,10,32,1
3,1,90,10,-6,0.676470588,4.6,0,11,32,1
3,2,90,10,-6,0.685714286,4.6,0,12,32,1
3,2,93,13,-6,0.694444444,3.6,0,13,32,1
3,3,93,13,-6,0.702702703,2.8,0,14,32,1
3,1,52,10,-13,0.710526316,4.2,0,15,32,1
3,1,39,10,-13,0.692307692,4.4,0,0,32,0
3,1,27,10,-13,0.7,5.5,12,0,32,1
3,1,11,10,-13,0.707317073,9,12,1,32,1
3,2,11,10,-13,0.714285714,9,12,2,32,1
3,3,4,3,-7,0.697674419,8,12,0,32,0
3,1,79,10,-6,0.704545455,6.333333333,8,0,32,1
3,2,79,10,-6,0.688888889,3,4,0,32,0
3,3,71,2,-12,0.673913043,-1.333333333,6,1,32,0
3,1,80,10,-12,0.680851064,-2,9.666666667,0,32,1
3,2,75,5,-12,0.6875,-1,9.666666667,1,32,1
3,3,71,1,-12,0.693877551,0.666666667,12.5,2,32,1
3,1,63,10,-12,0.68,5.666666667,12.5,0,32,0
3,2,59,6,-12,0.68627451,5.666666667,10.5,0,32,1
3,3,59,6,-12,0.692307692,4.25,4,1,32,1
4,1,80,10,-20,0.698113208,3,4,2,32,1
4,3,78,8,-20,0.703703704,4.25,4,3,32,1
4,4,72,2,-20,0.709090909,3.75,4,4,32,1
4,1,68,10,-20,0.714285714,3.8,0,5,32,1
4,1,55,10,-20,0.719298246,6.4,0,6,32,1
4,1,43,15,-20,0.724137931,9.8,0,7,32,1
4,2,43,15,-20,0.728813559,8,0,8,32,1
4,3,35,7,-20,0.733333333,8.4,0,9,32,1
4,4,35,7,-20,0.737704918,7.6,0,10,32,1
4,2,8,7,-20,0.741935484,9.8,0,11,32,1
4,3,8,7,-14,0.746031746,6.4,0,12,32,1
4,1,80,10,-13,0.75,8,0,13,32,1
4,2,74,4,-13,0.753846154,7.6,0,14,32,1
4,3,74,4,-13,0.757575758,7.6,0,15,32,1
4,1,60,10,-13,0.76119403,5.6,0,16,32,1
4,2,54,4,-13,0.764705882,6.8,0,17,32,1
4,1,31,10,-13,0.768115942,6.8,0,18,32,1
4,2,38,17,-13,0.771428571,4.2,0,19,32,1
4,3,26,5,-13,0.774647887,6.6,0,20,32,1
4,4,26,5,-13,0.777777778,3.8,0,21,32,1
1,1,80,10,0,1,0,0,0,24,1
1,2,80,10,0,1,0,0,1,24,1
1,3,73,3,0,1,3.5,0,2,24,1
1,1,68,10,0,1,4,0,3,24,1
1,1,54,10,6,0.8,6.5,0,0,24,0
1,1,98,10,7,0.666666667,6.5,54,1,24,0
1,2,98,10,7,0.714285714,8.666666667,27.5,0,24,1
1,3,91,3,7,0.75,7,27.5,1,24,1
1,1,85,10,4,0.666666667,5.333333333,27.5,0,24,0
1,2,88,13,4,0.7,1,17.33333333,0,24,1
1,3,79,4,4,0.636363636,3.666666667,-1,0,24,0
1,1,66,10,4,0.666666667,3.666666667,5,0,24,1
1,2,66,10,4,0.692307692,3,5,1,24,1
1,1,6,6,10,0.642857143,23,5,0,24,0
2,1,80,10,8,0.6,23,9.5,1,24,0
2,2,80,10,8,0.625,30,6.333333333,0,24,1
2,1,69,10,8,0.588235294,23.66666667,3,0,24,0
2,2,66,7,8,0.611111111,35.5,3,0,24,1
2,1,80,10,1,0.631578947,5.5,3,1,24,1
2,2,78,8,1,0.6,4.333333333,1.5,0,24,0
2,3,78,8,1,0.619047619,4.333333333,1.5,0,24,1
2,1,53,10,1,0.590909091,9,1.5,0,24,0
2,2,48,5,1,0.608695652,9,2.5,0,24,1
2,3,45,2,1,0.625,10,2.5,1,24,1
2,1,42,10,1,0.64,10.33333333,2.5,2,24,1
2,2,41,9,1,0.653846154,8,5,3,24,1
2,3,37,5,1,0.62962963,2.75,5,0,24,0
2,1,32,10,1,0.642857143,2.75,5,0,24,1
2,2,32,10,1,0.655172414,2,5,1,24,1
2,3,32,10,1,0.666666667,1.25,5,2,24,1
2,1,21,10,1,0.64516129,3.75,5,0,24,0
2,2,22,11,1,0.65625,3.666666667,2,0,24,1
2,1,3,3,1,0.636363636,7.5,-1,0,24,0
2,2,4,4,7,0.647058824,10,-1,0,24,1
3,1,97,10,1,0.628571429,11.33333333,-1,0,24,0
3,2,90,3,1,0.638888889,11.5,1.666666667,0,24,1
3,2,74,15,1,0.648648649,14.66666667,3,1,24,1
3,3,60,1,1,0.631578947,13,3,0,24,0
3,1,56,10,1,0.615384615,13,5.5,1,24,0
3,1,80,10,-6,0.6,17.5,5,2,24,0
3,2,80,10,-6,0.609756098,17.5,2.666666667,0,24,1
3,3,77,7,-6,0.619047619,8.5,2.666666667,1,24,1
3,1,91,10,0,0.604651163,1.5,2.666666667,0,24,0
4,2,89,8,0,0.613636364,1.5,2,0,24,1
4,1,77,10,0,0.6,5,1,0,24,0
4,2,70,3,0,0.608695652,5,4.5,0,24,1
4,3,68,1,0,0.617021277,4.666666667,4.5,1,24,1
4,1,61,10,0,0.604166667,7,4.5,0,24,0
4,2,57,6,0,0.591836735,7,5.5,1,24,0
4,3,56,5,0,0.6,4.5,4,0,24,1
4,1,32,10,0,0.607843137,11,2.5,1,24,1
4,2,27,5,0,0.615384615,12,2.5,2,24,1
4,3,23,1,0,0.603773585,11,2.5,0,24,0
4,1,19,10,0,0.611111111,11,2.5,0,24,1
4,1,3,3,6,0.618181818,12.25,4,1,24,1
4,1,80,10,4,0.625,7,4,2,24,1
4,2,71,1,4,0.614035088,8,4,0,24,0
4,1,65,10,4,0.620689655,9.333333333,5,0,24,1
4,2,59,4,4,0.627118644,8.5,6,1,24,1
4,1,45,10,4,0.616666667,8,6,0,24,0
4,2,41,6,4,0.606557377,9.666666667,5,1,24,0
4,3,43,8,4,0.612903226,10,2.666666667,0,24,1
