qtr,down,TimeSecs,yrdline100,ydstogo,ScoreDiff,offense_team_id,defense_team_id,play_type_numeric
1,1,3600,80,10,0,26,2,1
1,2,3585,78,8,0,26,2,0
1,3,3554,76,6,0,26,2,1
1,1,3539,75,10,0,2,26,0
1,2,3507,72,7,0,2,26,1
1,1,3474,55,10,0,2,26,1
1,1,3438,30,10,0,2,26,0
1,2,3406,21,1,0,2,26,0
1,3,3365,23,3,0,2,26,1
1,1,3355,80,10,-3,26,2,0
1,2,3344,92,22,-3,26,2,1
1,3,3312,94,24,-3,26,2,1
1,1,3273,66,10,3,2,26,1
1,1,3238,42,10,3,2,26,0
1,2,3223,39,7,3,2,26,1
1,1,3192,17,10,3,2,26,0
1,2,3149,16,9,3,2,26,1
1,1,3115,6,6,3,2,26,0
1,2,3057,8,8,3,2,26,1
1,1,3050,80,10,-3,26,2,1
1,1,3028,67,10,-3,26,2,1
1,2,3024,67,10,-3,26,2,1
1,3,3020,67,10,-3,26,2,1
1,1,2987,80,10,3,2,26,0
1,2,2948,85,15,3,2,26,1
1,3,2943,85,15,3,2,26,1
1,1,2925,53,10,-3,26,2,1
1,2,2921,53,10,-3,26,2,1
1,3,2886,47,4,-3,26,2,1
1,1,2858,43,10,-3,26,2,0
1,2,2827,43,10,-3,26,2,0
1,3,2795,42,9,-3,26,2,1
1,4,2791,42,9,-3,26,2,0
1,1,2783,88,10,3,2,26,0
1,2,2752,85,7,3,2,26,1
1,1,2723,67,10,3,2,26,1
2,1,2700,54,10,3,2,26,0
2,2,2665,50,6,3,2,26,1
2,1,2623,42,10,3,2,26,0
2,2,2604,37,5,3,2,26,0
2,3,2562,33,1,3,2,26,1
2,1,2524,29,10,3,2,26,1
2,1,2493,6,6,3,2,26,0
2,2,2450,4,4,9,2,26,1
2,1,2444,80,10,-10,26,2,1
2,2,2418,74,4,-10,26,2,1
2,1,2393,68,10,-10,26,2,1
2,1,2362,43,10,-10,26,2,1
2,2,2339,37,4,-10,26,2,1
2,3,2336,37,4,-10,26,2,1
2,4,2311,34,1,-10,26,2,1
2,1,2274,16,10,-10,26,2,0
2,2,2251,11,5,-10,26,2,1
2,3,2248,11,5,-10,26,2,1
2,1,2231,77,10,7,2,26,1
2,2,2225,77,10,7,2,26,0
2,3,2195,70,3,7,2,26,1
2,1,2180,94,10,-7,26,2,1
2,2,2150,91,7,-7,26,2,1
2,3,2121,85,1,-7,26,2,1
2,1,2105,46,10,7,2,26,0
2,2,2087,40,4,7,2,26,0
2,3,2048,38,2,7,2,26,1
2,1,2006,35,10,7,2,26,0
2,2,1969,33,8,7,2,26,1
2,1,1920,34,20,7,2,26,1
2,2,1911,27,13,7,2,26,1
2,3,1876,15,1,7,2,26,0
2,1,1865,80,10,-10,26,2,1
2,1,1851,22,10,16,2,26,1
2,1,1845,80,10,-17,26,2,1
2,2,1840,80,10,-17,26,2,0
2,1,1823,69,10,-17,26,2,1
2,2,1808,89,30,-17,26,2,0
3,1,1792,84,10,17,2,26,0
3,3,1716,88,14,17,2,26,1
3,1,1705,8,8,-17,26,2,1
3,2,1700,8,8,-11,26,2,0
3,1,1692,80,10,10,2,26,1
3,2,1658,76,6,10,2,26,0
3,1,1614,66,10,10,2,26,0
3,2,1546,72,16,10,2,26,1
3,3,1504,67,11,10,2,26,1
3,1,1489,97,12,-10,26,2,1
3,2,1460,91,6,-10,26,2,1
3,1,1410,92,18,-10,26,2,1
3,1,1389,73,10,-10,26,2,1
3,2,1369,66,3,-10,26,2,0
3,3,1315,74,11,-10,26,2,1
3,1,1290,62,10,-10,26,2,1
3,1,1271,47,10,-10,26,2,1
3,2,1221,49,12,-10,26,2,1
3,1,1192,37,10,-10,26,2,1
3,2,1186,37,10,-10,26,2,0
3,1,1156,5,5,-10,26,2,0
3,2,1126,5,5,-4,26,2,1
3,1,1114,88,10,3,2,26,0
3,2,1059,93,15,3,2,26,1
3,3,1054,93,15,3,2,26,0
3,1,1013,73,10,3,2,26,0
3,2,986,64,1,3,2,26,0
3,1,942,62,10,3,2,26,0
4,2,900,60,8,3,2,26,0
4,3,862,56,4,3,2,26,1
4,1,825,42,10,3,2,26,0
4,2,789,43,11,3,2,26,1
4,1,761,30,10,3,2,26,0
4,2,703,34,14,3,2,26,1
4,3,659,26,6,3,2,26,1
4,1,649,80,10,-6,26,2,0
4,2,618,77,7,-6,26,2,1
4,1,602,53,10,-6,26,2,1
4,1,582,41,10,-6,26,2,1
4,1,551,20,10,-6,26,2,1
4,1,522,1,1,0,26,2,0
4,1,517,80,10,-1,2,26,1
4,1,479,36,10,-1,2,26,1
4,2,474,36,10,-1,2,26,0
4,3,435,36,10,-1,2,26,1
4,1,387,80,10,-2,26,2,1
4,2,361,76,6,-2,26,2,1
4,1,334,69,10,-2,26,2,1
4,2,301,65,6,-2,26,2,1
4,3,277,60,1,-2,26,2,0
4,1,272,49,10,-2,26,2,1
4,1,255,35,10,-2,26,2,1
4,1,242,41,16,-2,26,2,1
4,2,218,29,4,-2,26,2,0
4,3,194,26,1,-2,26,2,0
4,1,146,66,10,2,2,26,0
4,2,143,61,5,2,2,26,0
4,3,138,57,1,2,2,26,0
4,1,109,86,10,-2,26,2,1
4,2,82,84,8,-2,26,2,1
4,3,77,84,8,-2,26,2,1
1,1,3600,80,10,0,9,26,0
1,3,3500,92,22,0,9,26,0
1,1,3450,60,10,0,26,9,0
1,2,3429,59,9,0,26,9,1
1,3,3410,51,1,0,26,9,1
1,1,3400,87,10,0,9,26,0
1,2,3362,82,5,0,9,26,0
1,3,3318,79,2,0,9,26,1
1,1,3268,82,10,0,26,9,0
1,1,3243,68,10,0,26,9,0
1,2,3212,72,14,0,26,9,1
1,3,3176,65,7,0,26,9,1
1,1,3163,80,10,0,9,26,1
1,1,3125,65,10,0,9,26,0
1,2,3091,61,6,0,9,26,1
1,1,3054,47,10,0,9,26,0
1,2,3008,41,4,0,9,26,0
1,1,2972,36,10,0,9,26,1
1,1,2930,17,10,0,9,26,0
1,2,2887,14,7,0,9,26,1
1,1,2853,1,1,0,9,26,0
1,2,2810,1,1,0,9,26,1
1,3,2807,1,1,0,9,26,1
1,1,2799,80,10,-3,26,9,0
1,2,2778,78,8,-3,26,9,0
1,3,2737,80,10,-3,26,9,1
1,1,2719,86,10,3,9,26,0
2,2,2700,87,11,3,9,26,1
2,1,2657,69,10,3,9,26,0
2,2,2613,69,10,3,9,26,1
2,1,2569,55,10,3,9,26,1
2,3,2460,66,21,3,9,26,1
2,1,2423,85,10,-3,26,9,1
2,2,2395,83,8,-3,26,9,0
2,3,2366,83,8,-3,26,9,1
2,1,2350,77,15,3,9,26,0
2,2,2304,74,12,3,9,26,1
2,3,2271,79,17,3,9,26,1
2,1,2227,74,10,-3,26,9,1
2,2,2204,72,8,-3,26,9,0
2,3,2150,85,21,-3,26,9,1
2,1,2124,89,10,3,9,26,1
2,2,2089,84,5,3,9,26,0
2,3,2038,82,3,3,9,26,1
2,1,1963,82,15,3,9,26,1
2,2,1961,82,15,3,9,26,1
2,1,1920,66,10,3,9,26,1
2,1,1911,44,10,3,9,26,1
2,2,1906,44,10,3,9,26,1
2,1,1887,39,10,3,9,26,1
2,1,1859,28,10,3,9,26,1
2,2,1837,20,2,3,9,26,0
2,1,1830,8,8,3,9,26,1
2,1,1807,10,10,3,9,26,1
3,1,1793,80,10,-6,26,9,1
3,1,1766,68,10,-6,26,9,0
3,2,1735,74,16,-6,26,9,0
3,3,1696,79,21,-6,26,9,1
3,1,1655,80,10,-12,26,9,1
3,2,1649,80,10,-12,26,9,1
3,3,1645,80,10,-12,26,9,1
3,1,1633,68,10,12,9,26,0
3,2,1601,64,6,12,9,26,0
3,2,1571,71,13,12,9,26,1
3,3,1567,71,13,12,9,26,1
3,1,1537,32,10,12,9,26,0
3,2,1468,66,15,-12,26,9,1
3,1,1443,48,10,-12,26,9,1
3,1,1417,41,10,-12,26,9,0
3,1,1367,30,10,-12,26,9,1
3,2,1332,21,1,-12,26,9,1
3,1,1308,16,10,-12,26,9,1
3,2,1270,7,1,-12,26,9,1
3,1,1233,3,3,-12,26,9,1
3,2,1228,3,3,-12,26,9,1
3,1,1224,80,10,12,9,26,0
3,2,1159,79,9,12,9,26,1
3,1,1125,70,10,12,9,26,0
3,2,1084,66,6,12,9,26,0
3,3,1041,63,3,12,9,26,1
3,1,993,80,10,-12,26,9,0
3,2,957,71,1,-12,26,9,1
3,3,952,71,1,-12,26,9,0
3,1,916,68,10,-12,26,9,1
4,1,900,31,10,-12,26,9,0
4,2,873,28,7,-12,26,9,1
4,3,866,28,7,-12,26,9,1
4,1,849,73,10,9,9,26,0
4,2,803,69,6,9,9,26,0
4,1,763,60,10,9,9,26,0
4,2,722,58,8,9,9,26,0
4,3,681,52,2,9,9,26,0
4,1,639,49,10,9,9,26,0
4,2,598,45,6,9,9,26,1
4,1,563,39,10,9,9,26,0
4,2,492,40,11,9,9,26,0
4,3,451,39,10,9,9,26,1
4,1,435,30,10,-9,26,9,0
4,1,411,78,20,9,9,26,0
4,2,367,77,19,9,9,26,1
4,3,323,70,12,9,9,26,1
4,1,293,77,10,-9,26,9,1
4,1,287,66,10,-9,26,9,1
4,1,280,53,10,-9,26,9,1
4,1,269,46,15,9,9,26,0
4,2,265,44,13,9,9,26,0
4,3,260,42,11,15,9,26,1
4,1,247,80,10,-16,26,9,1
4,1,227,70,10,-16,26,9,1
4,1,222,59,10,-16,26,9,1
4,2,216,53,4,-16,26,9,1
4,1,208,21,10,-16,26,9,1
4,2,203,21,10,-16,26,9,1
4,3,175,12,1,-16,26,9,0
4,1,146,3,3,-16,26,9,0
4,2,123,1,1,-16,26,9,0
4,3,114,16,16,-16,26,9,1
4,4,86,6,6,-10,26,9,1
1,1,3593,82,10,0,25,26,0
1,2,3535,84,12,0,25,26,1
1,3,3496,77,5,0,25,26,1
1,1,3443,71,10,0,26,25,0
1,1,3418,61,10,0,26,25,0
1,1,3397,34,10,0,26,25,1
1,2,3393,34,10,0,26,25,1
1,3,3349,37,13,0,26,25,1
1,1,3311,20,10,0,26,25,0
1,2,3281,15,5,0,26,25,0
1,1,3248,9,9,0,26,25,1
1,2,3242,9,9,0,26,25,0
1,3,3196,12,12,0,26,25,1
1,1,3188,60,10,-3,25,26,0
1,2,3151,59,9,-3,25,26,1
1,3,3124,54,4,-3,25,26,1
1,1,3075,98,10,3,26,25,1
1,2,3071,98,10,3,26,25,0
1,3,3009,97,9,3,26,25,1
1,1,2987,88,10,3,26,25,0
1,2,2958,92,14,3,26,25,0
1,3,2924,91,13,3,26,25,1
1,1,2911,63,10,-3,25,26,1
1,2,2907,63,10,-3,25,26,1
1,3,2870,54,1,-3,25,26,1
1,1,2826,49,10,-3,25,26,0
1,2,2788,48,9,-3,25,26,1
1,3,2779,56,17,-3,25,26,1
1,1,2734,91,10,3,26,25,0
1,2,2710,86,5,3,26,25,1
2,1,2700,78,10,3,26,25,1
2,2,2672,69,1,3,26,25,0
2,3,2634,71,3,3,26,25,1
2,1,2618,67,10,-3,25,26,0
2,2,2575,65,8,-3,25,26,1
2,3,2568,65,8,-3,25,26,1
2,1,2536,78,10,-9,25,26,0
2,2,2498,71,3,-9,25,26,0
2,3,2458,70,2,-9,25,26,1
2,1,2446,75,10,9,26,25,0
2,2,2418,74,9,9,26,25,1
2,3,2414,74,9,9,26,25,1
2,1,2398,73,10,-9,25,26,1
2,2,2352,73,10,-9,25,26,1
2,3,2310,70,7,-9,25,26,1
2,1,2296,75,10,9,26,25,0
2,1,2269,64,10,9,26,25,0
2,2,2236,64,10,9,26,25,1
2,1,2197,43,10,9,26,25,0
2,2,2166,40,7,9,26,25,1
2,3,2142,35,2,9,26,25,0
2,1,2109,23,10,9,26,25,1
2,2,2103,23,10,15,26,25,1
2,1,2092,72,10,-16,25,26,1
2,1,2078,36,10,16,26,25,1
2,2,2073,36,10,16,26,25,1
2,1,2050,21,10,16,26,25,0
2,2,2018,18,7,16,26,25,0
2,1,1992,9,9,16,26,25,0
2,2,1960,5,5,16,26,25,1
2,3,1936,1,1,22,26,25,0
2,1,1926,79,10,-23,25,26,1
2,2,1919,73,4,-23,25,26,0
2,1,1896,63,10,-23,25,26,0
2,2,1878,65,12,-23,25,26,1
2,2,1845,46,17,-23,25,26,1
2,3,1823,34,5,-23,25,26,1
2,1,1817,16,10,-23,25,26,1
2,2,1812,16,10,-17,25,26,1
3,1,1796,62,10,16,26,25,1
3,1,1761,52,10,16,26,25,0
3,3,1711,62,20,16,26,25,1
3,1,1675,88,10,-16,25,26,1
3,1,1642,72,10,-16,25,26,0
3,2,1608,73,11,-16,25,26,1
3,1,1584,57,10,-16,25,26,1
3,2,1577,57,10,-16,25,26,1
3,3,1572,57,10,-16,25,26,1
3,1,1559,90,10,16,26,25,1
3,2,1532,85,5,16,26,25,1
3,3,1527,85,5,16,26,25,1
3,1,1513,49,10,-16,25,26,0
3,2,1469,40,1,-16,25,26,1
3,3,1461,40,1,-16,25,26,0
3,1,1422,35,10,-16,25,26,1
3,2,1379,35,10,-16,25,26,1
3,3,1337,30,5,-16,25,26,1
3,1,1330,80,10,16,26,25,0
3,2,1304,78,8,16,26,25,0
3,3,1269,78,8,16,26,25,1
3,1,1254,70,10,-16,25,26,1
3,2,1208,75,15,-16,25,26,1
3,3,1204,75,15,-16,25,26,1
3,1,1163,70,10,16,26,25,0
3,2,1133,64,4,16,26,25,1
3,3,1102,63,3,16,26,25,0
3,1,1068,81,10,-16,25,26,1
3,1,1026,70,10,-16,25,26,1
3,2,1018,70,10,-16,25,26,0
3,3,976,66,6,-16,25,26,1
3,1,930,52,10,-16,25,26,1
3,2,927,52,10,-16,25,26,0
4,1,896,42,10,-16,25,26,0
4,2,855,39,7,-16,25,26,1
4,3,812,34,2,-16,25,26,0
4,1,760,37,15,-16,25,26,1
4,2,755,37,15,-16,25,26,1
4,1,709,17,10,-16,25,26,1
4,2,667,10,3,-16,25,26,1
4,3,628,8,1,-16,25,26,0
4,1,585,7,7,-16,25,26,1
4,2,581,7,7,-10,25,26,1
4,1,577,80,10,9,26,25,0
4,1,535,67,10,9,26,25,0
4,2,491,58,1,9,26,25,0
4,1,450,56,10,9,26,25,0
4,1,443,41,10,-9,25,26,1
4,1,397,30,10,-9,25,26,1
4,2,393,30,10,-9,25,26,1
4,1,388,68,10,9,26,25,0
4,2,344,64,6,9,26,25,0
4,3,300,63,5,9,26,25,1
4,1,288,69,10,-9,25,26,1
4,2,266,63,4,-9,25,26,1
4,3,260,63,4,-9,25,26,1
4,1,254,49,10,-9,25,26,1
4,1,217,37,10,-9,25,26,1
4,2,213,37,10,-9,25,26,1
4,1,208,82,10,9,26,25,0
4,2,203,83,11,9,26,25,0
4,3,197,77,5,9,26,25,0
4,1,182,51,10,-9,25,26,1
4,1,173,38,10,-9,25,26,1
4,2,169,38,10,-9,25,26,1
4,3,164,38,10,-9,25,26,1
4,1,152,48,10,6,26,25,0
4,2,120,46,8,6,26,25,0
4,3,74,54,16,6,26,25,0
1,1,3580,85,15,0,32,26,0
1,2,3516,89,19,0,32,26,1
1,3,3510,89,19,0,32,26,0
1,1,3462,47,10,0,32,26,0
1,2,3424,45,8,0,32,26,1
1,3,3419,40,3,0,32,26,1
1,1,3389,21,10,0,32,26,0
1,2,3353,19,8,0,32,26,1
1,3,3317,18,7,0,32,26,1
1,1,3277,7,7,0,32,26,0
1,2,3233,7,7,0,32,26,1
1,3,3192,2,2,0,32,26,0
1,1,3142,80,10,-3,26,32,1
1,2,3134,80,10,-3,26,32,0
1,1,3062,59,10,3,32,26,0
1,2,3028,57,8,3,32,26,1
1,1,2995,49,10,3,32,26,1
1,1,2965,34,10,3,32,26,0
1,2,2928,33,9,3,32,26,0
1,3,2890,28,4,3,32,26,1
1,1,2842,23,10,3,32,26,0
1,2,2802,22,9,3,32,26,0
1,3,2763,20,7,3,32,26,1
1,1,2751,80,10,-6,26,32,0
1,1,2718,50,10,-6,26,32,1
1,2,2709,50,10,-6,26,32,0
2,3,2700,47,7,-6,26,32,1
2,1,2683,98,10,6,32,26,0
2,2,2645,96,8,6,32,26,1
2,3,2637,96,8,6,32,26,1
2,1,2586,70,10,-6,26,32,0
2,1,2551,70,10,-6,26,32,1
2,3,2490,73,13,-6,26,32,1
2,1,2453,68,10,6,32,26,1
2,1,2419,57,10,6,32,26,0
2,2,2378,56,9,6,32,26,1
2,3,2334,52,5,6,32,26,1
2,1,2292,43,10,6,32,26,0
2,2,2255,36,3,6,32,26,1
2,1,2221,20,10,6,32,26,1
2,2,2216,20,10,6,32,26,0
2,1,2165,1,1,6,32,26,0
2,2,2127,1,1,6,32,26,0
2,1,2118,80,10,-7,26,32,0
2,2,2089,75,5,-7,26,32,1
2,1,2049,30,10,-7,26,32,0
2,1,2043,67,10,7,32,26,1
2,2,2002,65,8,7,32,26,0
2,1,1937,30,10,-7,26,32,1
2,2,1920,22,2,-7,26,32,1
2,3,1914,22,2,-7,26,32,0
2,1,1885,16,15,-7,26,32,1
2,3,1836,25,24,-7,26,32,1
3,1,1800,80,10,-7,26,32,0
3,2,1775,77,7,-7,26,32,1
3,3,1772,77,7,-7,26,32,0
3,1,1772,63,10,-7,26,32,0
3,2,1712,63,10,-7,26,32,0
3,3,1670,61,8,-7,26,32,1
3,1,1644,52,10,-7,26,32,1
3,2,1623,62,20,-1,26,32,1
3,1,1614,80,10,1,32,26,0
3,2,1579,75,5,1,32,26,0
3,3,1542,71,1,1,32,26,0
3,1,1490,56,10,-1,26,32,0
3,2,1456,57,11,-1,26,32,1
3,1,1447,13,10,-1,26,32,1
3,2,1442,13,10,-1,26,32,0
3,3,1405,10,7,5,26,32,1
3,1,1397,80,10,-6,32,26,1
3,1,1366,37,10,-6,32,26,1
3,2,1330,31,4,-6,32,26,0
3,3,1293,30,3,-6,32,26,1
3,3,1260,40,13,-6,32,26,1
3,1,1216,18,10,-6,32,26,1
3,2,1179,15,7,-6,32,26,0
3,3,1139,15,7,-6,32,26,1
3,1,1129,80,10,3,26,32,1
3,2,1101,74,4,3,26,32,1
3,3,1095,74,4,3,26,32,1
3,1,1056,69,15,-3,32,26,0
3,2,1018,70,16,-3,32,26,1
3,3,977,55,1,-3,32,26,1
3,1,949,49,10,-3,32,26,0
3,2,910,49,10,-3,32,26,1
3,1,901,58,10,3,26,32,1
4,2,900,58,10,3,26,32,1
4,1,889,39,10,9,26,32,1
4,1,875,81,10,-10,32,26,0
4,2,834,79,8,-10,32,26,1
4,1,810,67,10,-10,32,26,1
4,2,804,67,10,-10,32,26,1
4,1,770,55,10,-10,32,26,1
4,1,743,34,10,-10,32,26,0
4,2,710,35,11,-10,32,26,1
4,3,704,35,11,-10,32,26,1
4,1,685,65,10,10,26,32,0
4,2,645,56,1,10,26,32,0
4,1,588,60,20,10,26,32,1
4,2,553,48,8,10,26,32,0
4,3,527,46,6,10,26,32,1
4,1,515,90,10,-10,32,26,1
4,2,509,90,10,-10,32,26,1
4,3,503,90,10,-10,32,26,1
4,1,452,50,10,10,26,32,0
4,2,416,47,7,10,26,32,0
4,3,380,45,5,10,26,32,1
4,1,365,90,10,-10,32,26,0
4,1,338,74,10,-10,32,26,0
4,2,298,68,4,-10,32,26,0
4,3,259,65,1,-10,32,26,1
4,1,221,63,10,-10,32,26,1
4,1,204,58,10,-10,32,26,0
4,1,163,45,10,-10,32,26,0
4,2,127,42,7,-10,32,26,1
4,1,120,34,10,-10,32,26,1
4,2,92,30,6,-10,32,26,1
4,3,78,30,6,-10,32,26,1
4,1,46,16,10,-10,32,26,1
4,2,42,16,10,-10,32,26,1
4,1,35,4,4,-10,32,26,1
4,2,31,4,4,-4,32,26,1
4,1,26,80,10,3,26,32,1
4,4,10,86,16,3,26,32,1
1,1,3591,57,10,0,26,23,1
1,2,3571,50,3,0,26,23,1
1,1,3550,42,10,0,26,23,0
1,2,3533,41,9,0,26,23,0
1,3,3500,39,7,0,26,23,1
1,4,3493,39,7,0,26,23,1
1,1,3487,61,10,0,23,26,1
1,2,3458,64,13,0,23,26,0
1,3,3418,59,8,0,23,26,1
1,1,3392,38,10,0,23,26,1
1,3,3346,45,17,0,23,26,1
1,1,3334,80,10,0,26,23,1
1,2,3314,74,4,0,26,23,1
1,1,3287,66,10,0,26,23,0
1,2,3265,65,9,0,26,23,1
1,3,3259,65,9,0,26,23,1
1,1,3236,51,10,0,26,23,1
1,1,3205,39,10,0,26,23,0
1,2,3188,30,1,0,26,23,1
1,1,3149,12,10,0,26,23,1
1,1,3144,80,10,0,23,26,1
1,2,3136,80,10,0,23,26,0
1,3,3101,75,5,0,23,26,1
1,1,3063,54,10,0,23,26,0
1,2,3029,45,1,0,23,26,0
1,1,2992,35,10,0,23,26,1
1,1,2953,10,10,0,23,26,0
1,2,2919,6,6,6,23,26,1
1,1,2915,80,10,-7,26,23,1
1,2,2891,76,6,-7,26,23,0
1,1,2864,69,10,-7,26,23,0
1,1,2828,53,10,-7,26,23,1
1,1,2790,40,10,-7,26,23,0
1,2,2768,40,10,-7,26,23,0
1,3,2728,39,9,-7,26,23,1
1,1,2706,29,10,-7,26,23,0
2,1,2689,20,20,-7,26,23,1
2,2,2658,14,14,-7,26,23,1
2,1,2654,80,10,7,23,26,1
2,2,2650,80,10,7,23,26,1
2,3,2627,76,6,7,23,26,1
2,1,2608,81,10,-7,26,23,1
2,1,2582,68,10,-7,26,23,0
2,2,2550,65,7,-7,26,23,0
2,1,2512,41,10,-1,26,23,1
2,1,2499,87,10,0,23,26,0
2,2,2466,84,7,0,23,26,0
2,3,2430,80,3,0,23,26,1
2,1,2419,69,10,0,26,23,0
2,2,2383,65,6,0,26,23,0
2,3,2347,60,1,0,26,23,0
2,1,2310,57,10,0,26,23,1
2,1,2276,36,10,0,26,23,1
2,2,2218,43,17,0,26,23,1
2,3,2186,38,12,0,26,23,0
2,4,2170,35,9,0,26,23,1
2,1,2165,65,10,0,23,26,0
2,1,2143,53,10,0,23,26,0
2,2,2112,50,7,0,23,26,1
2,3,2109,50,7,0,23,26,1
2,1,2088,28,10,0,23,26,0
2,3,2008,39,21,0,23,26,1
2,1,1956,93,10,0,26,23,1
2,2,1951,93,10,0,26,23,1
2,3,1909,87,4,0,26,23,1
2,1,1893,72,10,0,23,26,1
2,1,1872,46,25,0,26,23,1
2,2,1836,28,7,0,26,23,1
2,1,1830,21,10,0,26,23,1
2,2,1825,21,10,0,26,23,1
2,3,1821,21,10,0,26,23,1
3,1,1795,75,10,-3,23,26,0
3,2,1762,73,8,-3,23,26,1
3,3,1754,73,8,-3,23,26,1
3,1,1732,27,10,-3,23,26,0
3,2,1696,26,9,-3,23,26,0
3,3,1661,27,10,-3,23,26,1
3,1,1622,10,10,-3,23,26,1
3,2,1617,10,10,-3,23,26,1
3,3,1580,3,3,-3,23,26,1
3,1,1572,80,10,0,26,23,1
3,2,1538,75,5,0,26,23,0
3,1,1504,65,10,0,26,23,0
3,2,1468,62,7,0,26,23,1
3,3,1428,62,7,0,26,23,1
3,1,1393,53,10,0,26,23,0
3,1,1357,24,10,0,26,23,0
3,2,1338,21,7,0,26,23,1
3,1,1309,2,2,6,26,23,0
3,1,1296,13,10,13,26,23,1
3,1,1291,80,10,-13,23,26,0
3,2,1254,79,9,-13,23,26,1
3,3,1216,71,1,-13,23,26,0
3,1,1178,70,10,-13,23,26,1
3,2,1154,63,3,-13,23,26,1
3,3,1150,63,3,-13,23,26,1
3,1,1140,50,10,13,26,23,0
3,2,1114,45,5,13,26,23,1
3,1,1096,40,10,13,26,23,0
3,2,1062,39,9,13,26,23,1
3,1,1026,16,10,13,26,23,0
3,2,994,16,10,13,26,23,0
3,3,971,15,9,13,26,23,1
3,1,924,73,10,-16,23,26,0
4,1,900,56,10,-16,23,26,0
4,2,866,55,9,-16,23,26,1
4,3,859,55,9,-16,23,26,1
4,1,847,81,10,16,26,23,0
4,1,813,70,10,16,26,23,0
4,1,765,37,10,16,26,23,1
4,2,759,37,10,16,26,23,1
4,1,730,15,5,16,26,23,0
4,1,709,7,7,16,26,23,0
4,2,679,9,9,16,26,23,1
4,3,651,3,3,16,26,23,0
4,1,611,80,10,-19,23,26,1
4,2,587,71,1,-19,23,26,1
4,1,539,12,10,-19,23,26,1
4,1,531,83,10,19,26,23,1
4,1,493,72,10,19,26,23,0
4,1,464,48,10,19,26,23,1
4,1,437,35,10,19,26,23,0
4,2,401,35,10,19,26,23,1
4,1,371,30,10,19,26,23,0
4,2,313,33,13,19,26,23,0
4,3,272,31,11,19,26,23,1
4,1,259,80,10,-22,23,26,1
4,1,238,67,10,-22,23,26,1
4,1,228,4,4,28,26,23,0
4,1,224,80,10,-29,23,26,0
4,2,198,72,2,-29,23,26,1
4,1,192,58,10,-29,23,26,1
4,2,168,58,10,-29,23,26,1
4,3,164,58,10,-29,23,26,1
4,1,160,46,10,-29,23,26,1
4,2,154,38,2,-29,23,26,0
4,2,120,46,21,-29,23,26,0
4,3,85,36,11,-29,23,26,1
4,1,64,16,10,-29,23,26,1
4,2,41,15,9,-29,23,26,1
4,3,9,14,8,-29,23,26,1
4,4,4,14,8,-23,23,26,1
1,1,3600,80,10,0,24,26,0
1,2,3561,76,6,0,24,26,1
1,1,3536,68,10,0,24,26,1
1,1,3501,51,10,0,24,26,0
1,2,3466,45,4,0,24,26,1
1,1,3424,40,10,0,24,26,0
1,2,3390,34,4,0,24,26,1
1,1,3327,13,5,6,24,26,1
1,1,3318,87,10,-7,26,24,0
1,2,3295,84,7,-7,26,24,1
1,3,3292,84,7,-7,26,24,1
1,1,3277,63,10,7,24,26,0
1,2,3247,60,7,7,24,26,1
1,3,3209,54,1,7,24,26,1
1,1,3188,50,10,7,24,26,1
1,2,3153,45,5,7,24,26,0
1,1,3110,40,10,7,24,26,1
1,2,3091,35,5,7,24,26,0
1,3,3048,31,1,7,24,26,1
1,1,3024,23,10,7,24,26,1
1,1,3018,78,10,-7,26,24,1
1,2,3016,78,10,-7,26,24,1
1,3,3010,78,10,-7,26,24,1
1,1,2994,60,10,-7,26,24,1
1,2,2976,53,3,-7,26,24,0
1,1,2948,47,10,-7,26,24,1
1,1,2920,32,10,-1,26,24,1
1,1,2905,73,10,0,24,26,0
1,2,2871,70,7,0,24,26,1
1,1,2820,50,10,0,24,26,0
1,2,2776,41,1,0,24,26,1
1,3,2768,41,1,0,24,26,0
1,4,2724,41,1,0,24,26,0
2,1,2700,67,20,0,26,24,0
2,2,2676,71,24,0,26,24,1
2,3,2641,67,20,0,26,24,1
2,1,2619,96,10,0,24,26,0
2,1,2587,83,10,0,24,26,0
2,2,2553,82,9,-6,24,26,1
2,1,2546,80,10,-6,24,26,0
2,2,2509,71,1,-6,24,26,1
2,1,2483,47,10,-6,24,26,0
2,2,2447,44,7,-6,24,26,1
2,1,2434,62,10,6,26,24,0
2,2,2405,60,8,6,26,24,1
2,1,2383,49,10,6,26,24,1
2,1,2370,58,10,-6,24,26,0
2,2,2333,60,12,-6,24,26,1
2,1,2256,75,10,6,26,24,0
2,2,2224,66,1,6,26,24,0
2,1,2197,64,10,6,26,24,0
2,2,2160,82,28,6,26,24,1
2,3,2156,82,28,6,26,24,0
2,1,2115,79,10,-6,24,26,1
2,2,2111,79,10,-6,24,26,1
2,3,2066,74,5,-6,24,26,1
2,1,2050,80,10,6,26,24,1
2,1,2030,68,10,6,26,24,0
2,2,2018,63,5,6,26,24,0
2,1,1989,55,10,6,26,24,1
2,2,1959,57,12,6,26,24,0
2,3,1950,57,12,6,26,24,1
2,1,1931,80,10,-6,24,26,1
2,3,1920,86,16,-6,24,26,1
2,1,1899,69,10,-6,24,26,1
2,2,1894,79,20,-6,24,26,1
2,3,1890,68,9,-6,24,26,1
2,1,1872,66,10,6,26,24,1
2,2,1855,58,2,6,26,24,1
2,1,1846,41,10,6,26,24,1
2,2,1841,36,5,6,26,24,0
2,3,1833,32,1,6,26,24,1
3,1,1793,79,10,9,26,24,1
3,2,1779,76,7,9,26,24,1
3,1,1757,33,10,9,26,24,1
3,2,1728,27,4,9,26,24,0
3,3,1686,31,8,9,26,24,1
3,1,1673,63,10,-9,24,26,0
3,1,1642,49,10,-9,24,26,0
3,2,1606,49,10,-9,24,26,1
3,1,1549,85,10,9,26,24,1
3,2,1516,81,6,9,26,24,0
3,3,1496,77,2,9,26,24,1
3,1,1475,72,10,9,26,24,0
3,1,1455,61,10,9,26,24,0
3,2,1431,58,7,9,26,24,1
3,1,1400,39,10,9,26,24,1
3,2,1373,33,4,9,26,24,0
3,1,1333,22,10,9,26,24,1
3,2,1304,15,3,9,26,24,0
3,1,1279,12,10,15,26,24,0
3,1,1266,89,10,-16,24,26,0
3,2,1230,86,7,-16,24,26,1
3,3,1225,86,7,-16,24,26,1
3,1,1208,57,10,16,26,24,1
3,1,1193,61,10,-16,24,26,0
3,2,1167,54,3,-16,24,26,1
3,3,1161,54,3,-16,24,26,1
3,1,1146,90,10,16,26,24,0
3,2,1115,87,7,16,26,24,0
3,3,1079,85,5,16,26,24,1
3,1,1053,78,10,16,26,24,0
3,2,1022,76,8,16,26,24,0
3,3,1001,69,1,16,26,24,0
3,1,980,67,10,16,26,24,1
3,1,955,30,10,16,26,24,1
3,2,948,30,10,16,26,24,0
3,3,911,23,3,16,26,24,1
3,1,906,80,10,-16,24,26,1
4,2,900,80,10,-16,24,26,0
4,3,867,81,11,-16,24,26,1
4,1,815,60,10,16,26,24,0
4,2,787,52,2,16,26,24,0
4,3,752,51,1,16,26,24,0
4,1,710,47,10,16,26,24,0
4,2,682,44,7,16,26,24,0
4,3,648,42,5,16,26,24,1
4,1,604,26,10,16,26,24,0
4,2,571,26,10,16,26,24,1
4,3,542,21,5,16,26,24,1
4,1,493,78,10,-19,24,26,1
4,2,469,70,2,-19,24,26,0
4,1,436,66,10,-19,24,26,0
4,1,407,54,10,-19,24,26,1
4,2,401,54,10,-19,24,26,1
4,3,364,48,4,-19,24,26,1
4,1,312,43,15,-19,24,26,0
4,2,280,46,18,-19,24,26,1
4,3,233,50,22,-19,24,26,1
4,1,213,73,10,19,26,24,0
4,2,169,66,3,19,26,24,0
4,3,126,64,1,19,26,24,0
4,1,117,43,10,19,26,24,0
1,1,3600,80,10,0,26,5,1
1,2,3570,78,8,0,26,5,0
1,3,3539,71,1,0,26,5,0
1,1,3509,60,10,0,26,5,1
1,2,3505,60,10,0,26,5,0
1,1,3420,72,10,0,5,26,0
1,2,3347,63,1,0,5,26,0
1,1,3312,27,10,0,5,26,1
1,1,3268,2,2,6,5,26,0
1,1,3264,80,10,-7,26,5,1
1,1,3255,21,10,7,5,26,1
1,1,3239,94,10,-7,26,5,0
1,2,3199,90,6,-7,26,5,1
1,3,3167,86,2,-7,26,5,1
1,1,3133,64,10,-7,26,5,0
1,2,3097,63,9,-7,26,5,1
1,1,3075,43,10,-7,26,5,0
1,3,3009,49,16,-7,26,5,1
1,1,2996,89,10,7,5,26,0
1,2,2956,88,9,7,5,26,1
1,3,2916,81,2,7,5,26,0
1,1,2877,78,10,7,5,26,1
1,1,2836,50,10,7,5,26,0
1,3,2755,54,14,7,5,26,1
1,1,2737,89,10,-7,26,5,0
1,2,2714,83,4,-7,26,5,1
2,1,2700,76,10,-7,26,5,0
2,2,2674,70,4,-7,26,5,1
2,3,2662,70,4,-7,26,5,1
2,1,2631,63,10,-7,26,5,0
2,2,2598,64,11,-7,26,5,1
2,3,2571,56,3,-7,26,5,0
2,4,2548,54,1,-7,26,5,0
2,1,2513,52,10,-7,26,5,1
2,2,2475,49,7,-7,26,5,0
2,2,2455,57,15,-7,26,5,0
2,3,2426,51,9,-7,26,5,1
2,1,2413,90,10,7,5,26,0
2,2,2387,83,3,7,5,26,0
2,1,2357,73,10,7,5,26,0
2,2,2318,70,7,7,5,26,1
2,3,2312,70,7,7,5,26,1
2,1,2288,71,10,-7,26,5,1
2,2,2284,71,10,-7,26,5,0
2,3,2258,67,6,-7,26,5,1
2,1,2215,62,15,-7,26,5,0
2,1,2188,40,10,-7,26,5,1
2,2,2180,40,10,-7,26,5,1
2,3,2153,34,4,-7,26,5,1
2,1,2142,60,10,4,5,26,1
2,2,2103,51,1,4,5,26,0
2,1,2066,8,8,4,5,26,0
2,2,2019,2,2,10,5,26,0
2,1,2013,80,10,-11,26,5,0
2,2,1984,78,8,-11,26,5,0
2,3,1949,76,6,-11,26,5,1
2,1,1910,70,10,11,5,26,1
2,1,1879,63,15,11,5,26,1
2,2,1873,63,15,11,5,26,1
2,1,1865,39,10,-11,26,5,1
2,1,1842,23,10,-11,26,5,1
2,2,1836,23,10,-11,26,5,1
2,1,1828,11,10,-11,26,5,1
2,2,1822,11,10,-11,26,5,1
2,3,1814,11,10,-11,26,5,1
3,1,1800,80,10,8,5,26,1
3,1,1772,65,10,8,5,26,0
3,2,1744,66,11,8,5,26,1
3,1,1705,53,10,8,5,26,1
3,1,1675,33,10,8,5,26,1
3,1,1659,5,5,8,5,26,0
3,2,1618,2,2,14,5,26,1
3,1,1610,80,10,-15,26,5,0
3,2,1584,78,8,-15,26,5,0
3,3,1555,76,6,-15,26,5,1
3,1,1519,66,10,-15,26,5,0
3,2,1483,63,7,-9,26,5,0
3,1,1472,80,10,8,5,26,1
3,2,1467,80,10,8,5,26,0
3,3,1432,75,5,8,5,26,1
3,1,1420,18,10,-8,26,5,0
3,2,1397,18,10,-8,26,5,1
3,3,1364,12,4,-8,26,5,1
3,1,1340,7,7,-8,26,5,0
3,2,1301,7,7,-8,26,5,0
3,3,1257,6,6,-8,26,5,1
3,1,1242,75,10,5,5,26,0
3,2,1209,66,1,5,5,26,0
3,1,1154,69,15,5,5,26,0
3,2,1117,58,4,5,5,26,0
3,1,1082,52,10,5,5,26,0
3,2,1045,49,7,5,5,26,0
3,3,1008,46,4,5,5,26,1
3,1,990,90,10,-5,26,5,1
3,1,965,79,10,-5,26,5,1
3,2,935,79,10,-5,26,5,1
3,1,901,55,10,-5,26,5,1
4,2,900,55,10,-5,26,5,0
4,3,866,54,9,-5,26,5,1
4,1,828,43,10,-5,26,5,0
4,2,791,40,7,-5,26,5,0
4,1,766,32,10,-5,26,5,0
4,2,731,31,9,-5,26,5,1
4,3,727,31,9,-5,26,5,1
4,1,713,70,20,5,5,26,1
4,1,706,50,10,5,5,26,0
4,2,671,43,3,5,5,26,1
4,1,637,34,10,5,5,26,0
4,1,596,18,10,5,5,26,1
4,2,590,18,10,5,5,26,0
4,3,550,17,9,5,5,26,1
4,1,539,80,10,-8,26,5,0
4,2,522,76,6,-8,26,5,0
4,2,464,77,19,-8,26,5,1
4,3,432,73,15,-8,26,5,1
4,1,416,76,10,8,5,26,0
4,2,377,72,6,8,5,26,0
4,3,330,69,3,8,5,26,1
4,1,289,60,10,8,5,26,0
4,2,246,55,5,8,5,26,0
4,3,203,51,1,8,5,26,0
4,2,184,95,16,-8,26,5,1
4,2,147,91,16,-8,26,5,1
4,3,125,84,9,-8,26,5,1
4,4,120,84,9,-8,26,5,1
4,1,115,16,10,8,5,26,0
4,2,111,18,12,8,5,26,0
4,3,65,17,11,8,5,26,0
4,1,18,80,10,-11,26,5,1
4,2,12,72,2,-11,26,5,1
4,1,7,63,10,-11,26,5,1
4,2,2,55,2,-11,26,5,1
1,1,3600,80,10,0,26,9,1
1,2,3590,80,10,0,26,9,0
1,3,3557,79,9,0,26,9,1
1,1,3527,69,10,0,26,9,0
1,2,3498,65,6,0,26,9,1
1,3,3492,65,6,0,26,9,1
1,1,3450,93,10,0,9,26,0
1,2,3413,88,5,0,9,26,1
1,1,3378,82,10,0,9,26,0
1,1,3338,69,10,0,9,26,1
1,1,3286,18,10,0,9,26,1
1,2,3280,18,10,0,9,26,0
1,3,3241,17,9,0,9,26,1
1,4,3195,9,1,0,9,26,0
1,1,3154,7,7,0,9,26,1
1,2,3150,7,7,0,9,26,0
1,3,3110,5,5,6,9,26,1
1,1,3104,85,15,-7,26,9,0
1,2,3084,89,19,-7,26,9,1
1,3,3051,88,18,-7,26,9,1
1,1,3022,61,10,-7,26,9,0
1,2,2994,59,8,-7,26,9,0
1,3,2972,55,4,-7,26,9,1
1,1,2935,83,10,7,9,26,0
1,2,2899,79,6,7,9,26,0
1,3,2857,77,4,7,9,26,1
1,1,2838,59,10,-7,26,9,0
1,2,2816,56,7,-7,26,9,1
1,3,2809,56,7,-7,26,9,1
1,1,2796,88,10,7,9,26,0
1,2,2756,87,9,7,9,26,1
1,3,2725,79,1,7,9,26,0
2,1,2692,66,10,7,9,26,0
2,2,2653,62,6,7,9,26,0
2,3,2612,61,5,7,9,26,1
2,1,2598,80,10,-7,26,9,0
2,2,2598,71,1,-7,26,9,0
2,1,2535,68,10,-7,26,9,1
2,2,2510,60,2,-7,26,9,0
2,1,2510,54,10,-7,26,9,0
2,2,2465,51,7,-7,26,9,0
2,1,2465,30,10,-7,26,9,0
2,2,2430,27,7,-7,26,9,1
2,1,2430,18,10,-7,26,9,0
2,1,2389,6,6,-7,26,9,1
2,2,2384,6,6,-7,26,9,0
2,3,2351,1,1,-7,26,9,1
2,4,2346,1,1,-1,26,9,0
2,1,2341,80,10,0,9,26,1
2,2,2300,72,2,0,9,26,0
2,1,2256,70,10,0,9,26,1
2,2,2215,63,3,0,9,26,0
2,3,2174,62,2,0,9,26,0
2,1,2129,45,10,0,9,26,1
2,2,2124,45,10,0,9,26,0
2,1,2037,44,25,0,9,26,0
2,2,1994,33,14,0,9,26,1
2,1,1935,94,10,0,26,9,0
2,2,1920,94,10,0,26,9,0
2,3,1915,87,3,0,26,9,1
2,1,1909,72,10,0,26,9,1
2,2,1904,72,10,0,26,9,0
2,3,1884,64,2,0,26,9,0
2,1,1878,60,10,0,26,9,1
2,1,1872,66,16,0,26,9,0
2,2,1827,66,16,0,26,9,0
2,3,1809,60,10,0,26,9,1
3,1,1800,80,10,0,9,26,0
3,2,1770,74,4,0,9,26,0
3,3,1727,71,1,0,9,26,0
3,1,1702,56,10,0,9,26,1
3,2,1664,51,5,0,9,26,0
3,1,1575,95,10,0,26,9,1
3,2,1558,92,7,0,26,9,0
3,1,1526,81,10,0,26,9,1
3,1,1500,37,10,0,26,9,1
3,2,1471,34,7,0,26,9,1
3,1,1438,34,10,0,26,9,1
3,1,1418,6,6,6,26,9,0
3,2,1371,88,18,-7,9,26,1
3,3,1330,76,6,-7,9,26,1
3,1,1294,54,10,-7,9,26,0
3,1,1248,42,10,-7,9,26,0
3,2,1209,45,13,-7,9,26,1
3,3,1163,36,4,-7,9,26,1
3,1,1120,28,10,-7,9,26,0
3,2,1071,19,1,-7,9,26,0
3,1,1031,17,10,-1,9,26,1
3,1,1024,80,10,0,26,9,1
3,2,1019,80,10,0,26,9,0
3,1,920,71,10,0,9,26,0
4,3,856,69,8,0,9,26,1
4,1,810,39,10,0,9,26,1
4,2,779,36,7,-6,9,26,1
4,1,755,24,10,-6,9,26,0
4,2,709,21,7,-6,9,26,0
4,3,664,18,4,0,9,26,1
4,1,652,80,10,-1,26,9,0
4,2,617,75,5,-1,26,9,0
4,1,591,70,10,-1,26,9,1
4,2,585,70,10,-1,26,9,0
4,1,557,59,10,-1,26,9,1
4,1,533,32,10,-1,26,9,1
4,1,509,18,10,-1,26,9,1
4,2,481,11,3,-1,26,9,0
4,3,453,13,5,-1,26,9,1
4,1,442,80,10,-2,9,26,1
4,2,401,72,2,-2,9,26,0
4,1,368,60,10,-2,9,26,1
4,1,329,43,10,-2,9,26,0
4,2,284,41,8,-2,9,26,1
4,3,279,41,8,-2,9,26,1
4,1,232,27,10,-2,9,26,1
4,2,227,27,10,-2,9,26,1
4,3,182,23,6,-2,9,26,1
4,1,173,80,10,-1,26,9,1
4,2,167,71,1,-1,26,9,1
4,1,158,37,10,-1,26,9,0
4,2,120,32,5,-1,26,9,0
4,3,115,35,8,-1,26,9,1
4,1,106,80,10,-2,9,26,1
4,2,102,80,10,-2,9,26,1
4,3,96,80,10,-2,9,26,1
4,4,89,75,5,-2,9,26,1
4,1,66,64,10,-2,9,26,1
4,1,48,50,10,-2,9,26,1
4,2,42,50,10,-2,9,26,1
4,1,19,43,15,-2,9,26,1
5,1,0,85,15,-1,26,9,1
5,2,-29,71,1,-1,26,9,0
5,1,-58,68,10,-1,26,9,1
5,2,-95,72,14,-1,26,9,0
5,1,-121,52,10,-1,26,9,1
5,2,-151,54,12,-1,26,9,0
5,3,-183,45,3,-1,26,9,1
5,4,-217,43,1,-1,26,9,0
5,1,-232,41,10,5,26,9,1
1,1,3594,68,10,0,20,26,1
1,2,3553,66,8,0,20,26,0
1,3,3512,69,11,0,20,26,1
1,1,3476,34,10,0,20,26,1
1,2,3470,34,10,0,20,26,1
1,3,3438,25,1,0,20,26,1
1,1,3404,20,10,0,20,26,1
1,2,3373,15,5,0,20,26,1
1,1,3321,64,10,-3,26,20,1
1,1,3294,4,4,-3,26,20,0
1,2,3259,4,4,-3,26,20,0
1,3,3231,2,2,3,26,20,1
1,1,3212,58,10,6,26,20,0
1,2,3188,56,8,6,26,20,0
1,1,3161,46,10,6,26,20,1
1,1,3135,26,10,6,26,20,1
1,2,3103,25,9,6,26,20,0
1,3,3081,18,2,6,26,20,0
1,1,3054,15,10,6,26,20,1
1,2,3026,8,3,6,26,20,0
1,1,3007,2,2,6,26,20,0
1,2,2988,1,1,12,26,20,0
1,1,2983,80,10,-13,20,26,0
1,2,2949,75,5,-13,20,26,0
1,1,2912,69,10,-13,20,26,0
1,2,2875,66,7,-13,20,26,1
1,3,2868,66,7,-13,20,26,1
1,1,2820,71,10,13,26,20,1
1,2,2814,71,10,13,26,20,1
1,3,2783,64,3,13,26,20,0
1,1,2762,57,10,13,26,20,1
1,2,2741,48,1,13,26,20,0
1,3,2714,48,1,13,26,20,0
2,1,2700,47,10,13,26,20,0
2,2,2674,52,15,13,26,20,1
2,2,2617,19,17,13,26,20,1
2,3,2611,19,17,13,26,20,1
2,1,2571,78,10,-13,20,26,1
2,2,2536,74,6,-13,20,26,0
2,1,2491,54,10,-13,20,26,0
2,2,2452,45,1,-13,20,26,0
2,1,2419,21,10,-13,20,26,0
2,2,2374,21,10,-13,20,26,1
2,3,2369,21,10,-13,20,26,1
2,1,2346,5,5,-13,20,26,0
2,2,2307,4,4,-13,20,26,1
2,3,2304,4,4,-13,20,26,1
2,1,2298,80,10,10,26,20,1
2,1,2269,59,10,10,26,20,0
2,2,2231,68,19,10,26,20,1
2,3,2209,63,14,10,26,20,1
2,1,2197,12,10,-10,20,26,0
2,2,2157,13,11,-4,20,26,1
2,1,2152,80,10,3,26,20,1
2,2,2130,74,4,3,26,20,0
2,1,2090,63,10,-3,20,26,1
2,2,2059,66,13,-3,20,26,0
2,3,2023,66,13,-3,20,26,0
2,1,1977,67,10,3,26,20,0
2,1,1962,54,10,3,26,20,0
2,2,1937,52,8,3,26,20,1
2,3,1920,49,5,3,26,20,1
2,1,1897,44,10,3,26,20,0
2,2,1867,48,14,3,26,20,1
2,3,1867,46,12,3,26,20,1
2,1,1854,80,10,-3,20,26,1
2,2,1848,80,10,-3,20,26,1
2,1,1842,60,10,-3,20,26,1
2,3,1832,68,18,-3,20,26,1
2,1,1806,61,10,3,26,20,1
3,1,1799,80,10,3,26,20,1
3,2,1777,71,1,3,26,20,0
3,1,1758,67,10,3,26,20,1
3,1,1717,40,10,3,26,20,1
3,2,1713,40,10,3,26,20,0
3,3,1690,38,8,3,26,20,1
3,1,1675,87,10,-3,20,26,0
3,2,1636,84,7,-3,20,26,1
3,1,1600,75,10,-3,20,26,0
3,2,1560,73,8,-3,20,26,1
3,3,1525,69,4,-3,20,26,1
3,1,1471,89,10,3,26,20,0
3,1,1440,50,10,3,26,20,1
3,3,1384,47,7,3,26,20,0
3,1,1339,79,10,-3,20,26,1
3,2,1333,79,10,-3,20,26,1
3,3,1293,73,4,-3,20,26,1
3,1,1266,77,20,3,26,20,0
3,3,1220,72,15,3,26,20,1
3,1,1194,55,10,3,26,20,0
3,1,1183,65,20,3,26,20,0
3,2,1150,61,16,3,26,20,0
3,3,1120,58,13,3,26,20,1
3,1,1089,87,10,-3,20,26,0
3,1,1059,76,10,-3,20,26,0
3,2,1023,73,7,-3,20,26,1
3,1,1005,58,10,-3,20,26,0
3,2,962,55,7,-3,20,26,0
3,3,919,51,3,-3,20,26,1
4,1,900,4,4,3,20,26,1
4,1,895,80,10,-4,26,20,1
4,1,874,66,10,-4,26,20,0
4,1,842,61,10,-4,26,20,1
4,2,838,61,10,-4,26,20,1
4,1,812,46,10,-4,26,20,0
4,2,785,49,13,-4,26,20,1
4,3,758,39,3,-4,26,20,0
4,4,729,37,1,-4,26,20,0
4,1,715,35,10,-4,26,20,1
4,2,704,26,1,-4,26,20,1
4,3,697,26,1,-4,26,20,0
4,1,681,22,10,-4,26,20,1
4,2,651,18,6,-4,26,20,0
4,3,628,19,7,-4,26,20,1
4,1,620,80,10,1,20,26,0
4,2,583,81,11,1,20,26,1
4,3,578,81,11,1,20,26,1
4,1,564,70,10,-1,26,20,0
4,2,543,66,6,-1,26,20,1
4,1,522,50,10,-1,26,20,0
4,2,496,48,8,-1,26,20,1
4,3,492,48,8,-1,26,20,1
4,1,478,99,11,1,20,26,0
4,2,441,98,10,1,20,26,0
4,3,401,93,5,1,20,26,1
4,1,387,50,10,-1,26,20,0
4,2,362,50,10,-1,26,20,1
4,1,336,38,10,-1,26,20,1
4,1,323,28,10,-1,26,20,1
4,1,295,8,8,-1,26,20,0
4,2,272,9,9,-1,26,20,1
4,1,266,96,10,1,20,26,1
4,2,220,88,2,1,20,26,1
4,1,176,84,10,1,20,26,0
4,2,172,81,7,1,20,26,1
4,3,167,81,7,1,20,26,1
4,1,125,63,10,1,20,26,0
4,2,120,61,8,1,20,26,0
4,1,100,71,10,-1,26,20,1
4,2,94,66,5,-1,26,20,1
4,1,73,56,10,-1,26,20,1
4,2,69,56,10,-1,26,20,1
4,3,66,56,10,-1,26,20,1
4,4,61,56,10,-1,26,20,1
1,1,3594,86,10,0,26,30,1
1,2,3577,81,5,0,26,30,1
1,1,3553,76,10,0,26,30,0
1,1,3541,86,10,0,26,30,1
1,2,3522,79,3,0,26,30,0
1,1,3500,75,10,0,26,30,0
1,1,3478,63,10,0,26,30,1
1,1,3452,52,10,0,26,30,0
1,2,3429,50,8,0,26,30,0
1,1,3404,39,10,6,26,30,1
1,1,3390,83,10,-7,30,26,0
1,1,3347,72,10,-7,30,26,1
1,1,3311,56,10,-7,30,26,0
1,2,3274,54,8,-7,30,26,0
1,3,3231,51,5,-7,30,26,1
1,1,3210,39,10,-7,30,26,0
1,2,3176,36,7,-7,30,26,1
1,3,3171,36,7,-7,30,26,1
1,1,3159,80,10,7,26,30,0
1,2,3137,78,8,7,26,30,0
1,1,3112,62,10,7,26,30,0
1,2,3093,57,5,7,26,30,1
1,1,3046,75,10,-7,30,26,0
1,2,3008,70,5,-7,30,26,0
1,3,2959,66,1,-7,30,26,0
1,1,2912,8,8,-7,30,26,0
1,2,2874,4,4,-1,30,26,1
1,1,2866,92,10,0,26,30,0
1,2,2841,88,6,0,26,30,1
1,3,2838,88,6,0,26,30,1
1,1,2825,59,10,0,30,26,0
1,2,2794,55,6,0,30,26,0
1,3,2753,55,6,0,30,26,0
1,1,2711,38,10,0,30,26,1
2,1,2700,13,10,6,30,26,1
2,1,2692,78,10,-7,26,30,1
2,2,2672,77,9,-7,26,30,0
2,3,2641,75,7,-7,26,30,1
2,2,2583,88,18,7,30,26,0
2,3,2544,85,15,7,30,26,0
2,1,2499,64,10,-7,26,30,1
2,2,2477,65,11,-7,26,30,0
2,3,2453,65,11,-7,26,30,1
2,1,2409,85,10,7,30,26,0
2,1,2333,6,6,7,30,26,0
2,2,2294,4,4,7,30,26,1
2,3,2290,4,4,13,30,26,1
2,1,2280,61,10,-14,26,30,1
2,2,2262,57,6,-14,26,30,0
2,3,2242,52,1,-14,26,30,0
2,1,2217,42,10,-14,26,30,0
2,2,2196,38,6,-14,26,30,0
2,3,2172,35,3,-8,26,30,1
2,1,2164,80,10,7,30,26,1
2,1,2140,67,10,7,30,26,0
2,2,2113,61,4,7,30,26,0
2,2,2085,67,10,7,30,26,1
2,3,2052,61,4,7,30,26,1
2,1,2023,53,10,7,30,26,0
2,2,1987,49,6,7,30,26,1
2,3,1943,48,5,7,30,26,1
2,4,1920,44,1,7,30,26,0
2,1,1888,41,10,7,30,26,1
2,1,1879,14,10,7,30,26,1
2,2,1874,14,10,7,30,26,1
2,3,1871,14,10,13,30,26,1
2,1,1859,74,10,-14,26,30,1
2,2,1843,66,2,-14,26,30,1
2,1,1836,53,15,-14,26,30,1
2,1,1831,33,10,-14,26,30,1
2,2,1827,33,10,-14,26,30,1
2,3,1823,33,10,-14,26,30,1
3,1,1800,80,10,14,30,26,0
3,2,1700,84,14,14,30,26,1
3,1,1678,69,10,14,30,26,0
3,2,1647,65,6,14,30,26,0
3,3,1606,67,8,14,30,26,1
3,1,1572,57,10,14,30,26,0
3,2,1544,51,4,14,30,26,0
3,1,1498,46,10,14,30,26,0
3,2,1443,52,16,14,30,26,1
3,3,1438,52,16,14,30,26,1
3,1,1423,28,10,14,30,26,0
3,2,1329,38,20,14,30,26,1
3,1,1291,15,10,14,30,26,0
3,2,1256,12,7,14,30,26,0
3,3,1216,8,3,20,30,26,1
3,1,1213,80,10,-21,26,30,0
3,2,1192,79,9,-21,26,30,1
3,3,1159,80,10,-21,26,30,1
3,1,1134,62,10,-21,26,30,0
3,2,1109,55,3,-21,26,30,1
3,1,1077,49,10,-21,26,30,0
3,2,1051,49,10,-21,26,30,1
3,3,1047,49,10,-21,26,30,1
3,1,1034,80,10,21,30,26,0
3,2,1001,74,4,21,30,26,0
3,3,961,71,1,21,30,26,0
3,1,923,69,10,21,30,26,1
4,1,900,50,10,21,30,26,0
4,1,855,23,10,21,30,26,0
4,2,815,19,6,21,30,26,0
4,1,777,12,10,21,30,26,0
4,2,733,10,8,21,30,26,1
4,3,729,10,8,21,30,26,1
4,1,723,80,10,-24,26,30,0
4,2,703,75,5,-24,26,30,1
4,1,687,61,10,-24,26,30,0
4,2,666,58,7,-24,26,30,1
4,3,649,52,1,-24,26,30,0
4,1,621,48,10,-24,26,30,1
4,2,615,48,10,-24,26,30,1
4,1,605,65,10,24,30,26,0
4,2,568,64,9,24,30,26,1
4,3,565,64,9,24,30,26,1
4,1,547,84,10,-24,26,30,1
4,2,542,84,10,-24,26,30,1
4,3,517,78,4,-24,26,30,1
4,1,487,74,10,-24,26,30,1
4,1,460,63,10,-24,26,30,1
4,2,456,63,10,-24,26,30,1
4,3,424,66,13,-24,26,30,1
4,1,400,42,10,-24,26,30,1
4,1,373,28,10,-24,26,30,0
4,3,319,25,7,-24,26,30,1
4,1,309,45,10,21,30,26,0
4,2,300,50,15,21,30,26,0
4,3,294,47,12,21,30,26,0
4,1,281,85,10,-21,26,30,1
4,2,261,77,2,-27,26,30,1
4,1,256,80,10,-27,26,30,0
4,2,230,77,7,-27,26,30,0
4,1,207,69,10,-27,26,30,1
4,2,191,64,5,-27,26,30,0
4,3,173,60,1,-27,26,30,0
4,2,120,56,13,-27,26,30,0
4,3,104,49,6,-27,26,30,0
1,1,3600,80,10,0,26,11,1
1,2,3580,72,2,0,26,11,0
1,3,3557,72,2,0,26,11,0
1,1,3531,67,10,0,26,11,0
1,2,3504,70,13,0,26,11,1
1,1,3475,47,10,0,26,11,0
1,2,3455,42,5,0,26,11,1
1,1,3448,38,10,0,26,11,1
1,2,3423,41,13,0,26,11,0
1,3,3386,40,12,0,26,11,1
1,1,3362,28,10,0,26,11,0
1,2,3336,25,7,0,26,11,1
1,3,3307,40,22,0,26,11,1
1,1,3249,65,15,0,11,26,1
1,2,3244,65,15,0,11,26,0
1,3,3205,70,20,0,11,26,1
1,1,3192,76,10,0,26,11,0
1,2,3171,75,9,0,26,11,0
1,1,3097,65,10,0,11,26,0
1,1,3059,42,10,0,11,26,0
1,2,3017,45,13,0,11,26,1
1,1,2970,22,10,0,11,26,1
1,2,2963,22,10,0,11,26,1
1,3,2920,15,3,0,11,26,1
1,1,2878,9,9,0,11,26,1
1,2,2834,8,8,6,11,26,1
1,1,2830,80,10,-7,26,11,0
1,2,2804,80,10,-7,26,11,1
1,1,2777,67,10,-7,26,11,0
1,1,2753,48,10,-7,26,11,1
1,1,2725,5,5,-7,26,11,0
2,2,2700,1,1,-7,26,11,0
2,3,2666,2,2,-1,26,11,1
2,1,2660,80,10,0,11,26,1
2,2,2654,80,10,0,11,26,0
2,3,2609,72,2,0,11,26,0
2,1,2571,67,10,0,11,26,0
2,2,2532,66,9,0,11,26,1
2,1,2491,48,10,0,11,26,0
2,2,2466,42,4,0,11,26,1
2,1,2429,32,10,0,11,26,0
2,2,2384,30,8,0,11,26,1
2,1,2354,16,10,0,11,26,0
2,2,2315,13,7,0,11,26,1
2,1,2278,2,2,6,11,26,1
2,1,2273,80,10,-7,26,11,1
2,2,2267,80,10,-7,26,11,1
2,1,2240,55,10,7,11,26,0
2,2,2198,53,8,7,11,26,1
2,1,2155,34,10,7,11,26,0
2,2,2114,30,6,7,11,26,1
2,3,2109,30,6,7,11,26,1
2,1,2099,80,10,-10,26,11,0
2,2,2070,82,12,-10,26,11,1
2,3,2065,82,12,-10,26,11,1
2,1,2048,88,10,10,11,26,1
2,2,2012,79,1,10,11,26,0
2,1,1964,69,10,10,11,26,1
2,1,1920,54,10,10,11,26,0
2,2,1914,51,7,10,11,26,1
2,1,1880,32,10,10,11,26,1
2,2,1838,23,1,10,11,26,1
2,3,1833,23,1,10,11,26,1
2,1,1827,18,10,10,11,26,1
2,3,1817,25,17,16,11,26,1
3,1,1795,80,10,17,11,26,0
3,2,1752,77,7,17,11,26,1
3,1,1711,70,10,17,11,26,0
3,2,1669,66,6,17,11,26,1
3,1,1627,47,10,17,11,26,0
3,2,1586,46,9,17,11,26,1
3,1,1540,34,10,17,11,26,1
3,2,1534,34,10,17,11,26,1
3,1,1468,33,20,17,11,26,0
3,2,1421,24,11,17,11,26,1
3,1,1377,13,10,17,11,26,1
3,2,1333,4,1,23,11,26,1
3,1,1329,80,10,-24,26,11,1
3,2,1325,80,10,-24,26,11,1
3,1,1293,14,10,24,11,26,0
3,2,1252,5,1,24,11,26,1
3,3,1248,5,1,24,11,26,0
3,1,1210,3,3,30,11,26,1
3,1,1205,80,10,-31,26,11,0
3,2,1179,78,8,-31,26,11,1
3,3,1149,78,8,-31,26,11,1
3,1,1123,67,10,-31,26,11,1
3,3,1068,67,10,-31,26,11,1
3,1,1021,88,10,31,11,26,0
3,2,982,89,11,31,11,26,0
3,3,939,88,10,31,11,26,1
3,1,925,58,10,-31,26,11,0
3,2,902,54,6,-31,26,11,0
4,1,858,75,10,31,11,26,0
4,2,820,66,1,31,11,26,0
4,1,782,62,10,31,11,26,1
4,1,737,41,10,31,11,26,0
4,2,696,40,9,31,11,26,1
4,1,645,1,1,37,11,26,0
4,1,642,80,10,-38,26,11,1
4,2,622,74,4,-38,26,11,1
4,1,597,62,10,-38,26,11,1
4,3,534,62,10,-38,26,11,0
4,1,498,82,10,38,11,26,0
4,2,456,79,7,38,11,26,0
4,1,363,55,10,-38,26,11,0
4,2,338,49,4,-38,26,11,0
4,3,316,46,1,-38,26,11,0
4,1,286,44,10,-38,26,11,0
4,2,259,45,11,-38,26,11,1
4,1,245,44,10,-38,26,11,0
4,1,214,28,10,-38,26,11,1
4,2,188,24,6,-38,26,11,1
4,3,182,24,6,-32,26,11,1
4,1,176,80,10,31,11,26,0
4,2,134,78,8,31,11,26,0
4,3,120,77,7,31,11,26,0
4,1,65,70,10,-31,26,11,0
4,2,41,68,8,-31,26,11,0
1,1,3594,83,10,0,26,22,0
1,2,3570,75,2,0,26,22,1
1,1,3545,71,10,0,26,22,0
1,2,3522,64,3,0,26,22,1
1,3,3518,64,3,0,26,22,1
1,1,3497,57,10,0,26,22,0
1,2,3475,51,4,0,26,22,1
1,3,3445,61,14,0,26,22,1
1,1,3432,83,10,0,22,26,0
1,2,3399,78,5,0,22,26,0
1,1,3356,69,10,0,22,26,0
1,3,3276,70,11,0,22,26,1
1,1,3257,90,20,0,26,22,0
1,2,3235,71,1,0,26,22,0
1,1,3207,70,10,0,26,22,0
1,2,3162,84,24,0,26,22,0
1,3,3130,71,11,0,26,22,1
1,1,3092,80,10,0,22,26,0
1,1,3062,70,10,0,22,26,1
1,2,3056,70,10,0,22,26,1
1,1,2977,57,10,0,26,22,1
1,2,2973,57,10,0,26,22,0
1,3,2936,59,12,0,26,22,1
1,1,2923,80,10,0,22,26,0
1,2,2881,76,6,0,22,26,1
1,1,2850,66,10,0,22,26,1
1,1,2823,47,10,0,22,26,0
1,2,2790,46,9,0,22,26,1
1,3,2785,46,9,0,22,26,1
1,1,2751,36,10,0,22,26,1
1,2,2746,36,10,0,22,26,1
1,1,2711,6,6,0,22,26,0
2,2,2700,4,4,6,22,26,1
2,1,2691,81,10,-7,26,22,1
2,2,2659,77,6,-7,26,22,0
2,1,2636,70,10,-7,26,22,1
2,2,2631,70,10,-7,26,22,0
2,3,2595,69,9,-7,26,22,1
2,1,2560,80,10,7,22,26,0
2,1,2510,43,10,7,22,26,0
2,2,2479,40,7,7,22,26,0
2,1,2441,32,10,7,22,26,0
2,2,2397,34,12,7,22,26,1
2,3,2352,23,1,7,22,26,0
2,1,2315,21,10,7,22,26,0
2,1,2273,11,10,13,22,26,1
2,1,2266,59,10,-14,26,22,1
2,2,2241,53,4,-14,26,22,0
2,3,2208,59,10,-14,26,22,1
2,1,2185,39,10,-14,26,22,0
2,1,2161,27,10,-14,26,22,1
2,1,2128,11,10,-14,26,22,0
2,2,2086,10,9,-14,26,22,0
2,3,2050,5,4,-8,26,22,1
2,1,2037,91,10,7,22,26,1
2,2,2032,91,10,7,22,26,1
2,3,1998,89,8,7,22,26,1
2,1,1984,56,10,-7,26,22,1
2,1,1963,40,10,-7,26,22,1
2,2,1959,40,10,-7,26,22,0
2,3,1920,43,13,-7,26,22,1
2,1,1892,87,10,7,22,26,0
2,2,1857,81,4,7,22,26,0
2,2,1840,70,13,7,22,26,0
2,3,1819,62,5,7,22,26,1
3,1,1797,80,10,1,22,26,0
3,2,1765,76,6,1,22,26,1
3,3,1722,71,1,1,22,26,0
3,1,1689,69,10,1,22,26,1
3,2,1685,69,10,1,22,26,0
3,3,1644,68,9,1,22,26,1
3,1,1595,94,10,-1,26,22,1
3,2,1588,94,10,-1,26,22,0
3,3,1554,93,9,-1,26,22,1
3,1,1540,46,10,1,22,26,1
3,2,1511,40,4,1,22,26,1
3,1,1477,33,10,1,22,26,1
3,2,1463,33,10,1,22,26,1
3,3,1431,25,2,1,22,26,1
3,1,1406,1,1,1,22,26,0
3,2,1369,5,5,1,22,26,1
3,3,1362,5,5,-5,22,26,1
3,1,1320,90,20,-5,22,26,1
3,2,1313,90,20,-5,22,26,1
3,3,1280,82,12,-5,22,26,1
3,2,1224,75,17,-5,22,26,1
3,3,1220,75,17,-5,22,26,0
3,1,1152,82,10,-11,22,26,0
3,2,1119,78,6,-11,22,26,0
3,3,1079,75,3,-11,22,26,1
3,1,1046,39,10,-11,22,26,1
3,1,1036,80,10,11,26,22,0
3,2,1013,73,3,11,26,22,0
3,1,972,69,10,11,26,22,0
3,2,931,67,8,11,26,22,0
4,3,900,61,2,11,26,22,0
4,1,877,55,10,11,26,22,0
4,2,824,53,8,11,26,22,1
4,1,781,37,10,11,26,22,1
4,2,777,37,10,11,26,22,0
4,1,743,18,10,11,26,22,0
4,2,710,15,7,11,26,22,0
4,3,674,10,2,17,26,22,1
4,1,664,83,10,-18,22,26,1
4,2,660,83,10,-18,22,26,1
4,3,625,83,10,-18,22,26,1
4,1,610,66,10,18,26,22,0
4,2,572,61,5,18,26,22,0
4,3,525,64,8,18,26,22,0
4,1,465,71,10,-18,22,26,1
4,1,434,60,10,-18,22,26,1
4,2,429,60,10,-18,22,26,1
4,1,398,41,10,-18,22,26,1
4,2,395,41,10,-18,22,26,1
4,1,358,22,10,-18,22,26,1
4,2,333,14,2,-12,22,26,1
4,1,325,56,10,-11,22,26,1
4,2,319,56,10,-11,22,26,1
4,1,292,45,10,-11,22,26,1
4,2,284,45,10,-11,22,26,1
4,3,277,45,10,-11,22,26,1
4,4,252,47,12,-11,22,26,1
4,1,224,22,10,-11,22,26,1
4,2,204,13,1,-11,22,26,1
4,1,182,1,1,-5,22,26,0
4,2,173,46,10,4,26,22,0
4,3,169,47,11,4,26,22,1
4,1,124,33,10,4,26,22,0
4,2,120,32,9,4,26,22,0
4,3,73,28,5,4,26,22,0
4,1,62,75,10,-4,22,26,1
4,2,56,75,10,-4,22,26,1
4,3,50,75,10,-4,22,26,1
4,2,34,63,10,-4,22,26,1
4,3,31,63,10,-4,22,26,1
4,4,26,63,10,-4,22,26,1
1,1,3600,80,10,0,4,26,1
1,2,3575,76,6,0,4,26,0
1,1,3545,69,10,0,4,26,0
1,2,3510,68,9,0,4,26,1
1,1,3463,61,10,0,26,4,1
1,2,3457,61,10,0,26,4,1
1,3,3428,53,2,0,26,4,0
1,1,3407,48,10,0,26,4,0
1,2,3382,44,6,0,26,4,1
1,3,3362,40,2,0,26,4,0
1,1,3347,37,10,0,26,4,1
1,1,3324,16,10,0,26,4,0
1,1,3296,1,1,6,26,4,0
1,1,3293,80,10,-7,4,26,1
1,1,3254,48,10,-7,4,26,0
1,2,3211,47,9,-7,4,26,1
1,3,3204,47,9,-1,4,26,1
1,1,3187,82,10,0,26,4,0
1,2,3163,82,10,0,26,4,1
1,3,3127,76,4,0,26,4,1
1,1,3111,76,10,0,4,26,0
1,2,3050,74,8,0,4,26,1
1,1,3019,65,10,0,4,26,0
1,2,2988,58,3,0,4,26,1
1,3,2981,58,3,0,4,26,1
1,1,2968,87,10,0,26,4,1
1,2,2953,86,9,0,26,4,0
1,3,2931,78,1,0,26,4,0
1,1,2859,76,20,0,4,26,1
1,2,2825,70,14,0,4,26,0
1,3,2782,65,9,0,4,26,1
1,1,2735,54,10,0,4,26,0
2,2,2700,50,6,0,4,26,0
2,1,2659,41,10,0,4,26,0
2,2,2621,38,7,0,4,26,0
2,3,2574,36,5,0,4,26,1
2,1,2561,96,10,0,26,4,1
2,2,2536,97,11,0,26,4,0
2,3,2511,90,4,0,26,4,1
2,1,2469,57,30,0,26,4,0
2,2,2445,53,26,6,26,4,1
2,1,2438,80,10,-7,4,26,0
2,2,2393,77,7,-7,4,26,1
2,1,2357,59,10,-7,4,26,1
2,2,2320,52,3,-7,4,26,0
2,1,2272,28,10,-7,4,26,0
2,1,2221,20,15,-7,4,26,0
2,2,2192,20,15,-7,4,26,1
2,3,2187,20,15,-7,4,26,1
2,1,2172,90,10,4,26,4,0
2,2,2145,81,1,4,26,4,0
2,1,2108,87,20,4,26,4,0
2,2,2084,84,17,4,26,4,1
2,3,2078,84,17,4,26,4,1
2,1,2039,62,10,-4,4,26,0
2,2,2011,62,10,-4,4,26,1
2,3,1967,53,1,-4,4,26,0
2,1,1927,49,10,-4,4,26,1
2,1,1920,38,10,-4,4,26,1
2,2,1910,48,20,-4,4,26,0
2,3,1903,43,15,-4,4,26,1
2,1,1888,80,10,4,26,4,1
2,2,1866,74,4,4,26,4,1
2,1,1860,64,10,4,26,4,1
2,2,1855,63,9,4,26,4,1
2,1,1833,53,10,4,26,4,1
2,2,1829,48,5,4,26,4,1
2,3,1824,48,5,4,26,4,1
2,1,1821,41,10,4,26,4,1
2,2,1817,38,7,4,26,4,1
2,3,1812,38,7,4,26,4,1
3,1,1800,80,10,7,26,4,1
3,2,1794,80,10,7,26,4,0
3,3,1758,74,4,7,26,4,0
3,1,1728,67,10,7,26,4,1
3,1,1703,49,10,7,26,4,0
3,2,1680,42,3,7,26,4,0
3,3,1659,40,1,7,26,4,0
3,1,1634,36,10,7,26,4,0
3,2,1606,35,9,7,26,4,0
3,3,1576,30,4,7,26,4,0
3,1,1547,26,10,7,26,4,0
3,2,1521,22,6,7,26,4,0
3,3,1490,23,7,7,26,4,1
3,1,1482,80,10,-10,4,26,0
3,2,1445,81,11,-10,4,26,0
3,3,1409,75,5,-10,4,26,1
3,1,1370,66,10,-10,4,26,1
3,1,1331,29,10,-10,4,26,1
3,2,1268,26,7,-10,4,26,1
3,3,1263,26,7,-10,4,26,1
3,1,1214,80,10,7,26,4,0
3,2,1192,75,5,7,26,4,0
3,3,1158,78,8,7,26,4,1
3,1,1144,44,10,-7,4,26,0
3,2,1106,40,6,-7,4,26,1
3,1,1070,35,15,-7,4,26,0
3,2,1029,35,15,-7,4,26,0
3,3,987,33,13,-7,4,26,0
3,1,952,19,10,-1,4,26,0
3,1,939,75,10,0,26,4,0
3,2,914,70,5,0,26,4,1
4,1,900,52,10,0,26,4,0
4,2,874,48,6,0,26,4,1
4,1,849,37,10,0,26,4,0
4,2,815,37,10,0,26,4,1
4,3,809,32,5,0,26,4,1
4,1,777,24,10,0,26,4,1
4,1,775,95,10,0,4,26,1
4,2,769,95,10,0,4,26,0
4,2,746,95,10,0,4,26,0
4,3,697,94,9,0,4,26,1
4,1,653,84,10,0,4,26,0
4,2,614,83,9,0,4,26,0
4,3,577,77,3,0,4,26,1
4,1,558,46,10,0,26,4,1
4,2,553,46,10,0,26,4,1
4,3,529,41,5,0,26,4,1
4,1,521,91,10,0,4,26,0
4,2,437,94,13,0,4,26,1
4,1,410,80,10,0,4,26,0
4,2,366,90,20,0,4,26,1
4,3,341,74,4,0,4,26,1
4,1,325,66,10,0,26,4,1
4,2,301,59,3,0,26,4,1
4,3,296,59,3,0,26,4,1
4,1,285,18,10,0,26,4,0
4,2,252,19,11,0,26,4,0
4,3,214,12,4,0,26,4,1
4,1,206,80,10,-3,4,26,1
4,2,198,90,20,-3,4,26,1
4,3,151,84,14,-3,4,26,1
4,1,137,64,10,3,26,4,0
4,2,133,63,9,3,26,4,0
4,1,109,69,10,-3,4,26,0
4,2,87,62,3,-3,4,26,1
4,3,83,67,8,-3,4,26,1
1,1,3596,78,10,0,1,26,1
1,2,3590,78,10,0,1,26,1
1,1,3557,67,10,0,1,26,0
1,2,3519,61,4,0,1,26,0
1,3,3473,58,1,0,1,26,1
1,1,3431,43,10,0,1,26,1
1,1,3385,7,7,0,1,26,0
1,2,3347,1,1,6,1,26,0
1,1,3339,74,10,-7,26,1,0
1,2,3318,70,6,-7,26,1,0
1,3,3278,73,9,-7,26,1,1
1,1,3244,43,10,-7,26,1,1
1,2,3222,34,1,-7,26,1,1
1,1,3188,29,10,-7,26,1,1
1,2,3159,32,13,-7,26,1,1
1,3,3153,32,13,-7,26,1,1
1,1,3133,18,10,-7,26,1,0
1,2,3099,21,13,-7,26,1,1
1,3,3069,18,10,-7,26,1,1
1,1,3056,83,10,4,1,26,1
1,1,3017,65,10,4,1,26,0
1,2,2977,66,11,4,1,26,0
1,3,2935,57,2,4,1,26,1
1,1,2891,45,10,4,1,26,1
1,2,2847,37,2,4,1,26,0
1,3,2808,36,1,4,1,26,0
1,1,2765,33,10,4,1,26,1
1,1,2742,21,10,4,1,26,1
1,1,2709,11,10,4,1,26,1
2,2,2700,6,5,4,1,26,1
2,1,2642,75,10,-7,26,1,0
2,2,2611,73,8,-7,26,1,0
2,3,2575,71,6,-7,26,1,1
2,1,2537,82,10,7,1,26,0
2,2,2477,88,16,7,1,26,0
2,3,2436,82,10,7,1,26,1
2,1,2421,53,10,-7,26,1,0
2,1,2380,33,10,-7,26,1,0
2,2,2347,29,6,-7,26,1,1
2,1,2312,22,10,-1,26,1,1
2,1,2306,80,10,0,1,26,0
2,2,2267,76,6,0,1,26,0
2,3,2227,73,3,0,1,26,1
2,1,2202,53,10,0,1,26,1
2,2,2194,53,10,0,1,26,1
2,3,2190,53,10,0,1,26,1
2,1,2176,85,10,0,26,1,1
2,2,2171,85,10,0,26,1,1
2,3,2139,80,5,0,26,1,1
2,1,2123,67,10,0,1,26,1
2,1,2092,52,10,0,1,26,0
2,2,2052,47,5,6,1,26,0
2,1,2032,56,10,-7,26,1,1
2,2,2027,56,10,-7,26,1,1
2,3,2004,49,3,-7,26,1,1
2,1,1978,28,10,-7,26,1,0
2,2,1945,25,7,-7,26,1,1
2,3,1927,19,1,-7,26,1,0
2,1,1920,17,10,-7,26,1,1
2,2,1895,12,5,-7,26,1,0
2,3,1869,10,3,-7,26,1,1
2,4,1850,8,1,-7,26,1,0
2,1,1845,92,10,7,1,26,0
2,1,1838,81,10,7,1,26,1
2,2,1832,81,10,7,1,26,0
2,1,1824,67,10,7,1,26,1
2,2,1817,67,10,7,1,26,0
2,1,1810,49,10,7,1,26,1
2,2,1806,49,10,7,1,26,1
3,1,1799,80,10,-7,26,1,1
3,1,1783,65,10,-7,26,1,0
3,2,1756,59,4,-7,26,1,1
3,3,1752,59,4,-7,26,1,1
3,1,1740,87,10,7,1,26,0
3,2,1704,81,4,7,1,26,1
3,1,1665,62,10,7,1,26,1
3,2,1627,57,5,7,1,26,0
3,1,1584,38,10,7,1,26,0
3,2,1543,32,4,7,1,26,0
3,3,1499,30,2,7,1,26,1
3,1,1493,1,1,13,1,26,0
3,1,1482,93,10,-13,26,1,1
3,3,1452,98,15,-13,26,1,1
3,1,1435,76,10,-13,26,1,0
3,2,1414,74,8,-13,26,1,0
3,3,1384,71,5,-13,26,1,1
3,1,1355,64,10,-13,26,1,0
3,2,1334,63,9,-13,26,1,1
3,1,1303,51,10,-13,26,1,0
3,2,1268,49,8,-13,26,1,1
3,1,1249,56,10,13,1,26,0
3,2,1212,55,9,13,1,26,1
3,3,1205,55,9,13,1,26,1
3,1,1190,84,10,-13,26,1,0
3,2,1164,80,6,-13,26,1,0
3,1,1141,72,10,-13,26,1,1
3,1,1111,56,10,-13,26,1,0
3,1,1104,50,10,13,1,26,1
3,1,1062,38,10,13,1,26,0
3,2,1025,35,7,13,1,26,1
3,3,996,29,1,13,1,26,0
3,1,947,16,10,19,1,26,1
3,1,940,80,10,-20,26,1,1
3,2,917,71,1,-20,26,1,0
4,1,900,61,10,-26,26,1,1
4,1,883,78,15,-20,26,1,1
4,1,867,78,10,19,1,26,0
4,2,824,73,5,19,1,26,0
4,3,794,69,1,19,1,26,0
4,1,749,67,10,19,1,26,0
4,2,706,63,6,19,1,26,1
4,1,616,65,10,-19,26,1,1
4,1,595,49,10,-19,26,1,1
4,2,576,46,7,-19,26,1,1
4,1,547,36,10,-19,26,1,1
4,2,541,36,10,-19,26,1,1
4,3,538,36,10,-19,26,1,1
4,4,502,30,4,-19,26,1,1
4,1,497,69,10,19,1,26,0
4,2,454,70,11,19,1,26,1
4,1,404,58,10,19,1,26,0
4,1,359,43,10,19,1,26,0
4,2,318,38,5,19,1,26,0
4,3,272,34,1,19,1,26,1
4,1,229,24,10,19,1,26,0
4,2,190,22,8,19,1,26,1
4,3,184,22,8,19,1,26,0
4,1,175,80,10,-22,26,1,1
4,2,157,72,2,-22,26,1,1
4,1,153,37,10,22,1,26,0
4,2,120,36,9,22,1,26,0
1,1,3600,80,10,0,26,32,1
1,1,3572,62,10,0,26,32,0
1,2,3546,61,9,0,26,32,1
1,3,3514,56,4,0,26,32,1
1,1,3480,45,10,0,26,32,1
1,1,3430,1,1,6,26,32,0
1,1,3428,80,10,-7,32,26,1
1,2,3423,80,10,-7,32,26,0
1,3,3383,77,7,-7,32,26,1
1,1,3368,80,10,7,26,32,0
1,2,3345,72,2,7,26,32,0
1,1,3309,74,15,7,26,32,0
1,3,3252,79,20,7,26,32,1
1,1,3215,69,10,-7,32,26,1
1,1,3171,61,15,-7,32,26,1
1,1,3131,33,10,-7,32,26,0
1,2,3083,29,6,-7,32,26,1
1,1,3055,22,10,-1,32,26,1
1,1,3044,83,10,1,26,32,0
1,2,3021,83,10,1,26,32,0
1,3,2994,80,7,1,26,32,1
1,1,2980,61,10,-1,32,26,1
1,1,2940,46,10,-1,32,26,0
1,2,2902,42,6,-1,32,26,1
1,1,2856,36,10,-1,32,26,0
1,2,2819,31,5,-1,32,26,1
1,3,2815,31,5,-1,32,26,1
1,1,2766,12,10,5,32,26,1
1,1,2760,80,10,-6,26,32,1
1,2,2756,80,10,-6,26,32,0
1,3,2724,78,8,-6,26,32,1
1,1,2708,35,10,-6,26,32,0
2,2,2700,33,8,-6,26,32,0
2,1,2648,93,10,6,32,26,0
2,2,2606,96,13,6,32,26,1
2,3,2565,92,9,6,32,26,1
2,1,2488,71,20,-6,26,32,1
2,2,2457,61,10,-6,26,32,1
2,3,2425,60,9,-6,26,32,1
2,1,2412,92,10,6,32,26,1
2,1,2376,77,10,6,32,26,0
2,3,2303,81,14,6,32,26,1
2,1,2291,58,10,-6,26,32,0
2,2,2263,57,9,-6,26,32,1
2,1,2238,40,10,-6,26,32,1
2,1,2204,27,15,-6,26,32,1
2,2,2199,27,15,-6,26,32,1
2,3,2166,16,4,-6,26,32,1
2,1,2151,92,10,3,32,26,0
2,2,2116,91,9,3,32,26,1
2,3,2072,92,10,3,32,26,1
2,1,2055,62,10,-3,26,32,1
2,1,2041,35,10,3,32,26,1
2,2,2014,28,3,3,32,26,0
2,1,1979,23,10,3,32,26,1
2,2,1934,18,5,3,32,26,0
2,1,1920,10,10,3,32,26,1
2,2,1916,10,10,3,32,26,1
2,3,1909,10,10,3,32,26,1
2,1,1903,80,10,-6,26,32,1
2,2,1899,80,10,-6,26,32,1
2,3,1882,73,3,-6,26,32,1
2,1,1872,69,10,-6,26,32,1
2,3,1846,76,17,-6,26,32,1
2,1,1829,71,10,6,32,26,1
2,1,1823,49,10,6,32,26,1
2,1,1817,24,10,6,32,26,1
3,1,1800,80,10,6,32,26,0
3,2,1763,79,9,6,32,26,1
3,1,1726,64,10,6,32,26,1
3,3,1677,71,17,6,32,26,1
3,1,1632,90,10,-6,26,32,1
3,2,1632,90,10,-6,26,32,1
3,2,1610,93,13,-6,26,32,1
3,3,1604,93,13,-6,26,32,1
3,1,1563,54,10,6,32,26,0
3,2,1523,53,9,6,32,26,1
3,1,1490,44,10,6,32,26,1
3,2,1485,44,10,6,32,26,1
3,3,1481,44,10,6,32,26,1
3,1,1435,27,10,6,32,26,1
3,2,1395,31,14,6,32,26,1
3,3,1389,31,14,6,32,26,1
3,1,1361,16,10,6,32,26,1
3,2,1327,12,6,6,32,26,1
3,3,1323,12,6,12,32,26,1
3,1,1307,52,10,-13,26,32,1
3,1,1284,39,10,-13,26,32,0
3,1,1266,27,10,-13,26,32,1
3,1,1234,11,10,-13,26,32,1
3,2,1229,11,10,-13,26,32,1
3,3,1191,4,3,-7,26,32,0
3,1,1187,80,10,6,32,26,1
3,2,1181,80,10,6,32,26,1
3,3,1158,75,5,6,32,26,1
3,1,1141,79,10,-6,26,32,1
3,2,1135,79,10,-6,26,32,0
3,3,1102,71,2,-12,26,32,0
3,1,1094,80,10,-12,26,32,1
3,2,1078,75,5,-12,26,32,1
3,3,1056,71,1,-12,26,32,1
3,1,1043,63,10,-12,26,32,0
3,2,1020,59,6,-12,26,32,1
3,3,1016,59,6,-12,26,32,1
3,1,999,82,10,12,32,26,0
3,2,966,79,7,12,32,26,1
3,1,926,55,10,12,32,26,0
4,2,900,53,8,12,32,26,0
4,1,867,44,10,12,32,26,0
4,2,829,43,9,12,32,26,1
4,1,784,34,10,12,32,26,0
4,2,739,35,11,12,32,26,1
4,1,692,21,10,12,32,26,0
4,2,651,12,1,12,32,26,0
4,1,588,12,12,12,32,26,0
4,2,545,13,13,12,32,26,1
4,3,540,13,13,18,32,26,1
4,2,535,2,0,20,32,26,1
4,1,535,80,10,-20,26,32,1
4,3,487,78,8,-20,26,32,1
4,4,457,72,2,-20,26,32,1
4,1,444,68,10,-20,26,32,1
4,1,422,55,10,-20,26,32,1
4,1,384,43,15,-20,26,32,1
4,2,380,43,15,-20,26,32,1
4,3,354,35,7,-20,26,32,1
4,4,348,35,7,-20,26,32,1
4,2,280,8,7,-20,26,32,1
4,3,280,8,7,-14,26,32,1
4,1,273,53,10,13,32,26,0
4,2,268,49,6,13,32,26,0
4,3,263,47,4,13,32,26,0
4,1,198,80,10,-13,26,32,1
4,2,181,74,4,-13,26,32,1
4,3,176,74,4,-13,26,32,1
4,1,167,60,10,-13,26,32,1
4,2,163,54,4,-13,26,32,1
4,1,134,31,10,-13,26,32,1
4,2,120,38,17,-13,26,32,1
4,3,102,26,5,-13,26,32,1
4,4,97,26,5,-13,26,32,1
1,1,3600,80,10,0,26,24,1
1,2,3596,80,10,0,26,24,1
1,3,3566,73,3,0,26,24,1
1,1,3535,68,10,0,26,24,1
1,1,3501,54,10,6,26,24,0
1,1,3490,80,10,-7,24,26,0
1,2,3463,75,5,-7,24,26,1
1,1,3443,63,10,-7,24,26,0
1,2,3410,59,6,-7,24,26,0
1,3,3376,55,2,-7,24,26,0
1,1,3345,47,10,-7,24,26,1
1,2,3338,47,10,-7,24,26,1
1,3,3271,44,7,-7,24,26,1
1,1,3253,98,10,7,26,24,0
1,2,3201,98,10,7,26,24,1
1,3,3157,91,3,7,26,24,1
1,1,3135,47,10,-7,24,26,1
1,1,3104,30,10,-7,24,26,0
1,2,3077,21,1,-7,24,26,0
1,1,3045,17,10,-7,24,26,1
1,2,3038,17,10,-7,24,26,1
1,1,3004,5,5,-7,24,26,0
1,2,2963,3,3,-7,24,26,1
1,3,2956,3,3,-7,24,26,1
1,1,2941,85,10,4,26,24,0
1,2,2908,88,13,4,26,24,1
1,3,2880,79,4,4,26,24,0
1,1,2850,66,10,4,26,24,1
1,2,2845,66,10,4,26,24,1
1,1,2804,6,6,10,26,24,0
1,1,2796,80,10,-11,24,26,0
1,1,2779,45,10,-11,24,26,0
1,2,2762,40,5,-11,24,26,0
1,3,2735,36,1,-11,24,26,0
1,1,2706,33,10,-11,24,26,1
1,2,2701,33,10,-11,24,26,0
2,1,2700,12,10,-11,24,26,0
2,2,2676,7,5,-11,24,26,1
2,1,2628,80,10,8,26,24,0
2,2,2602,80,10,8,26,24,1
2,1,2574,69,10,8,26,24,0
2,2,2543,66,7,8,26,24,1
2,1,2534,35,10,-8,24,26,1
2,1,2498,14,10,-8,24,26,0
2,2,2469,9,5,-2,24,26,1
2,1,2461,80,10,1,26,24,1
2,2,2448,78,8,1,26,24,0
2,3,2419,78,8,1,26,24,1
2,1,2392,53,10,1,26,24,0
2,2,2364,48,5,1,26,24,1
2,3,2321,45,2,1,26,24,1
2,1,2294,42,10,1,26,24,1
2,2,2280,41,9,1,26,24,1
2,3,2254,37,5,1,26,24,0
2,1,2218,32,10,1,26,24,1
2,2,2212,32,10,1,26,24,1
2,3,2206,32,10,1,26,24,1
2,1,2194,21,10,1,26,24,0
2,2,2163,22,11,1,26,24,1
2,1,2129,3,3,1,26,24,0
2,2,2087,4,4,7,26,24,1
2,1,2078,80,10,-8,24,26,1
2,2,2034,72,2,-8,24,26,0
2,1,1999,68,10,-8,24,26,0
2,2,1954,70,12,-8,24,26,1
2,3,1920,60,2,-8,24,26,0
2,1,1898,56,10,-8,24,26,1
2,1,1892,43,10,-8,24,26,1
2,1,1885,30,10,-8,24,26,1
2,1,1857,15,10,-8,24,26,1
2,2,1851,15,10,-8,24,26,0
2,1,1832,5,5,-8,24,26,0
2,2,1828,5,5,-8,24,26,0
2,3,1815,2,2,-2,24,26,0
3,1,1800,80,10,-1,24,26,0
3,2,1776,80,10,-1,24,26,1
3,1,1742,67,10,-1,24,26,0
3,1,1707,46,10,-1,24,26,0
3,2,1669,44,8,-1,24,26,1
3,3,1662,44,8,-1,24,26,1
3,1,1611,97,10,1,26,24,0
3,2,1582,90,3,1,26,24,1
3,2,1534,74,15,1,26,24,1
3,3,1496,60,1,1,26,24,0
3,1,1471,56,10,1,26,24,0
3,1,1460,45,10,5,24,26,1
3,1,1451,80,10,-6,26,24,0
3,2,1412,80,10,-6,26,24,1
3,3,1371,77,7,-6,26,24,1
3,1,1352,61,10,6,24,26,0
3,2,1321,56,5,6,24,26,1
3,1,1293,49,10,6,24,26,0
3,2,1264,46,7,6,24,26,0
3,3,1206,46,7,6,24,26,1
3,1,1178,22,10,6,24,26,0
3,1,1114,80,10,0,24,26,0
3,1,1087,65,10,0,24,26,0
3,2,1051,60,5,0,24,26,1
3,1,1018,41,10,0,24,26,0
3,2,986,41,10,0,24,26,1
3,3,981,41,10,0,24,26,0
3,1,931,91,10,0,26,24,0
4,2,900,89,8,0,26,24,1
4,1,900,77,10,0,26,24,0
4,2,858,70,3,0,26,24,1
4,3,838,68,1,0,26,24,1
4,1,802,61,10,0,26,24,0
4,2,763,57,6,0,26,24,0
4,3,724,56,5,0,26,24,1
4,1,684,32,10,0,26,24,1
4,2,642,27,5,0,26,24,1
4,3,618,23,1,0,26,24,0
4,1,596,19,10,0,26,24,1
4,1,568,3,3,6,26,24,1
4,1,559,80,10,-7,24,26,1
4,2,555,80,10,-7,24,26,0
4,3,520,75,5,-7,24,26,1
4,1,493,57,10,-7,24,26,0
4,2,458,54,7,-7,24,26,1
4,1,443,46,10,-7,24,26,0
4,2,402,41,5,-7,24,26,1
4,3,393,41,5,-7,24,26,1
4,1,358,33,10,-7,24,26,1
4,2,320,28,5,-7,24,26,0
4,3,285,30,7,-7,24,26,1
4,1,270,80,10,4,26,24,1
4,2,231,71,1,4,26,24,0
4,1,192,65,10,4,26,24,1
4,2,142,59,4,4,26,24,1
4,1,130,45,10,4,26,24,0
4,2,120,41,6,4,26,24,0
4,3,116,43,8,4,26,24,1
4,1,103,80,10,-4,24,26,1
4,1,85,69,10,-4,24,26,1
4,2,67,61,2,-4,24,26,1
4,3,62,61,2,-4,24,26,1
4,4,58,61,2,-4,24,26,1
4,2,43,58,10,-4,24,26,1
4,3,38,58,10,-4,24,26,1
4,4,33,58,10,-4,24,26,1
